,P1,P2,P3,P4,P5,P6,P7,P8,P9,Gesto
0,"(245, 191)","(358, 173)","(301, 439)","(0, 0)","(0, 0)","(0, 0)","(0, 0)","(0, 0)","(0, 0)",2
1,"(245, 191)","(357, 173)","(301, 439)","(0, 0)","(0, 0)","(0, 0)","(0, 0)","(0, 0)","(0, 0)",2
2,"(246, 191)","(355, 174)","(301, 439)","(0, 0)","(0, 0)","(0, 0)","(0, 0)","(0, 0)","(0, 0)",2
3,"(246, 191)","(357, 173)","(301, 439)","(0, 0)","(0, 0)","(0, 0)","(0, 0)","(0, 0)","(0, 0)",2
4,"(246, 191)","(358, 173)","(301, 439)","(0, 0)","(0, 0)","(0, 0)","(0, 0)","(0, 0)","(0, 0)",2
5,"(246, 191)","(358, 173)","(301, 439)","(0, 0)","(0, 0)","(0, 0)","(0, 0)","(0, 0)","(0, 0)",2
6,"(246, 191)","(354, 174)","(301, 439)","(0, 0)","(0, 0)","(0, 0)","(0, 0)","(0, 0)","(0, 0)",2
7,"(246, 191)","(355, 174)","(301, 439)","(0, 0)","(0, 0)","(0, 0)","(0, 0)","(0, 0)","(0, 0)",2
8,"(246, 191)","(355, 174)","(301, 439)","(0, 0)","(0, 0)","(0, 0)","(0, 0)","(0, 0)","(0, 0)",2
9,"(246, 191)","(355, 174)","(301, 439)","(0, 0)","(0, 0)","(0, 0)","(0, 0)","(0, 0)","(0, 0)",2
10,"(247, 191)","(356, 174)","(300, 440)","(0, 0)","(0, 0)","(0, 0)","(0, 0)","(0, 0)","(0, 0)",2
11,"(246, 191)","(356, 174)","(300, 440)","(0, 0)","(0, 0)","(0, 0)","(0, 0)","(0, 0)","(0, 0)",2
12,"(246, 191)","(357, 174)","(300, 440)","(0, 0)","(0, 0)","(0, 0)","(0, 0)","(0, 0)","(0, 0)",2
13,"(246, 191)","(356, 174)","(301, 439)","(0, 0)","(0, 0)","(0, 0)","(0, 0)","(0, 0)","(0, 0)",2
14,"(246, 191)","(356, 174)","(299, 440)","(0, 0)","(0, 0)","(0, 0)","(0, 0)","(0, 0)","(0, 0)",2
15,"(246, 191)","(356, 174)","(300, 440)","(0, 0)","(0, 0)","(0, 0)","(0, 0)","(0, 0)","(0, 0)",2
16,"(246, 191)","(357, 174)","(300, 439)","(0, 0)","(0, 0)","(0, 0)","(0, 0)","(0, 0)","(0, 0)",2
17,"(245, 191)","(357, 174)","(300, 439)","(0, 0)","(0, 0)","(0, 0)","(0, 0)","(0, 0)","(0, 0)",2
18,"(245, 191)","(357, 174)","(300, 439)","(0, 0)","(0, 0)","(0, 0)","(0, 0)","(0, 0)","(0, 0)",2
19,"(245, 191)","(356, 174)","(299, 439)","(0, 0)","(0, 0)","(0, 0)","(0, 0)","(0, 0)","(0, 0)",2
20,"(245, 191)","(355, 174)","(299, 439)","(0, 0)","(0, 0)","(0, 0)","(0, 0)","(0, 0)","(0, 0)",2
21,"(244, 191)","(355, 174)","(300, 439)","(0, 0)","(0, 0)","(0, 0)","(0, 0)","(0, 0)","(0, 0)",2
22,"(245, 191)","(355, 174)","(300, 439)","(0, 0)","(0, 0)","(0, 0)","(0, 0)","(0, 0)","(0, 0)",2
23,"(245, 191)","(355, 174)","(300, 439)","(0, 0)","(0, 0)","(0, 0)","(0, 0)","(0, 0)","(0, 0)",2
24,"(246, 191)","(355, 174)","(300, 439)","(0, 0)","(0, 0)","(0, 0)","(0, 0)","(0, 0)","(0, 0)",2
25,"(245, 191)","(355, 174)","(300, 439)","(0, 0)","(0, 0)","(0, 0)","(0, 0)","(0, 0)","(0, 0)",2
26,"(246, 191)","(355, 174)","(300, 439)","(0, 0)","(0, 0)","(0, 0)","(0, 0)","(0, 0)","(0, 0)",2
27,"(246, 191)","(355, 174)","(300, 439)","(0, 0)","(0, 0)","(0, 0)","(0, 0)","(0, 0)","(0, 0)",2
28,"(246, 191)","(355, 174)","(300, 439)","(0, 0)","(0, 0)","(0, 0)","(0, 0)","(0, 0)","(0, 0)",2
29,"(247, 191)","(356, 174)","(301, 439)","(0, 0)","(0, 0)","(0, 0)","(0, 0)","(0, 0)","(0, 0)",2
30,"(247, 191)","(356, 174)","(301, 439)","(0, 0)","(0, 0)","(0, 0)","(0, 0)","(0, 0)","(0, 0)",2
31,"(246, 191)","(356, 174)","(301, 439)","(0, 0)","(0, 0)","(0, 0)","(0, 0)","(0, 0)","(0, 0)",2
32,"(247, 191)","(356, 174)","(301, 439)","(0, 0)","(0, 0)","(0, 0)","(0, 0)","(0, 0)","(0, 0)",2
33,"(248, 191)","(356, 174)","(300, 440)","(0, 0)","(0, 0)","(0, 0)","(0, 0)","(0, 0)","(0, 0)",2
34,"(248, 191)","(356, 174)","(228, 422)","(301, 439)","(0, 0)","(0, 0)","(0, 0)","(0, 0)","(0, 0)",2
35,"(247, 191)","(355, 174)","(301, 439)","(0, 0)","(0, 0)","(0, 0)","(0, 0)","(0, 0)","(0, 0)",2
36,"(246, 191)","(355, 174)","(301, 439)","(0, 0)","(0, 0)","(0, 0)","(0, 0)","(0, 0)","(0, 0)",2
37,"(247, 191)","(355, 174)","(301, 439)","(0, 0)","(0, 0)","(0, 0)","(0, 0)","(0, 0)","(0, 0)",2
38,"(246, 191)","(355, 174)","(235, 420)","(301, 439)","(0, 0)","(0, 0)","(0, 0)","(0, 0)","(0, 0)",2
39,"(247, 191)","(355, 174)","(301, 439)","(0, 0)","(0, 0)","(0, 0)","(0, 0)","(0, 0)","(0, 0)",2
40,"(246, 191)","(355, 174)","(300, 439)","(0, 0)","(0, 0)","(0, 0)","(0, 0)","(0, 0)","(0, 0)",2
41,"(246, 191)","(355, 174)","(300, 439)","(0, 0)","(0, 0)","(0, 0)","(0, 0)","(0, 0)","(0, 0)",2
42,"(246, 191)","(355, 174)","(300, 439)","(0, 0)","(0, 0)","(0, 0)","(0, 0)","(0, 0)","(0, 0)",2
43,"(246, 191)","(355, 174)","(300, 439)","(0, 0)","(0, 0)","(0, 0)","(0, 0)","(0, 0)","(0, 0)",2
44,"(246, 191)","(355, 174)","(300, 439)","(0, 0)","(0, 0)","(0, 0)","(0, 0)","(0, 0)","(0, 0)",2
45,"(246, 191)","(355, 174)","(300, 439)","(0, 0)","(0, 0)","(0, 0)","(0, 0)","(0, 0)","(0, 0)",2
46,"(246, 191)","(355, 174)","(300, 439)","(0, 0)","(0, 0)","(0, 0)","(0, 0)","(0, 0)","(0, 0)",2
47,"(246, 191)","(355, 174)","(300, 439)","(0, 0)","(0, 0)","(0, 0)","(0, 0)","(0, 0)","(0, 0)",2
48,"(246, 191)","(355, 174)","(300, 439)","(0, 0)","(0, 0)","(0, 0)","(0, 0)","(0, 0)","(0, 0)",2
49,"(246, 191)","(355, 174)","(300, 439)","(0, 0)","(0, 0)","(0, 0)","(0, 0)","(0, 0)","(0, 0)",2
50,"(245, 191)","(355, 174)","(300, 439)","(0, 0)","(0, 0)","(0, 0)","(0, 0)","(0, 0)","(0, 0)",2
51,"(245, 191)","(355, 174)","(299, 439)","(0, 0)","(0, 0)","(0, 0)","(0, 0)","(0, 0)","(0, 0)",2
52,"(245, 191)","(355, 174)","(300, 439)","(0, 0)","(0, 0)","(0, 0)","(0, 0)","(0, 0)","(0, 0)",2
53,"(245, 191)","(356, 174)","(299, 439)","(0, 0)","(0, 0)","(0, 0)","(0, 0)","(0, 0)","(0, 0)",2
54,"(245, 191)","(356, 174)","(301, 438)","(0, 0)","(0, 0)","(0, 0)","(0, 0)","(0, 0)","(0, 0)",2
55,"(245, 191)","(356, 174)","(299, 439)","(0, 0)","(0, 0)","(0, 0)","(0, 0)","(0, 0)","(0, 0)",2
56,"(245, 191)","(356, 174)","(299, 439)","(0, 0)","(0, 0)","(0, 0)","(0, 0)","(0, 0)","(0, 0)",2
57,"(245, 191)","(356, 174)","(298, 439)","(0, 0)","(0, 0)","(0, 0)","(0, 0)","(0, 0)","(0, 0)",2
58,"(245, 191)","(356, 174)","(300, 439)","(0, 0)","(0, 0)","(0, 0)","(0, 0)","(0, 0)","(0, 0)",2
59,"(245, 191)","(355, 174)","(299, 439)","(0, 0)","(0, 0)","(0, 0)","(0, 0)","(0, 0)","(0, 0)",2
60,"(245, 191)","(355, 174)","(299, 439)","(0, 0)","(0, 0)","(0, 0)","(0, 0)","(0, 0)","(0, 0)",2
61,"(245, 191)","(356, 174)","(300, 438)","(0, 0)","(0, 0)","(0, 0)","(0, 0)","(0, 0)","(0, 0)",2
62,"(244, 191)","(356, 174)","(299, 439)","(0, 0)","(0, 0)","(0, 0)","(0, 0)","(0, 0)","(0, 0)",2
63,"(245, 191)","(355, 174)","(299, 439)","(0, 0)","(0, 0)","(0, 0)","(0, 0)","(0, 0)","(0, 0)",2
64,"(244, 191)","(356, 174)","(301, 438)","(0, 0)","(0, 0)","(0, 0)","(0, 0)","(0, 0)","(0, 0)",2
65,"(244, 191)","(355, 174)","(299, 439)","(0, 0)","(0, 0)","(0, 0)","(0, 0)","(0, 0)","(0, 0)",2
66,"(245, 191)","(356, 174)","(301, 438)","(0, 0)","(0, 0)","(0, 0)","(0, 0)","(0, 0)","(0, 0)",2
67,"(248, 190)","(356, 174)","(300, 438)","(0, 0)","(0, 0)","(0, 0)","(0, 0)","(0, 0)","(0, 0)",2
68,"(249, 190)","(355, 174)","(299, 439)","(0, 0)","(0, 0)","(0, 0)","(0, 0)","(0, 0)","(0, 0)",2
69,"(244, 191)","(356, 174)","(300, 439)","(0, 0)","(0, 0)","(0, 0)","(0, 0)","(0, 0)","(0, 0)",2
70,"(247, 190)","(356, 174)","(301, 438)","(0, 0)","(0, 0)","(0, 0)","(0, 0)","(0, 0)","(0, 0)",2
71,"(246, 190)","(356, 174)","(299, 439)","(0, 0)","(0, 0)","(0, 0)","(0, 0)","(0, 0)","(0, 0)",2
72,"(247, 190)","(357, 174)","(300, 438)","(0, 0)","(0, 0)","(0, 0)","(0, 0)","(0, 0)","(0, 0)",2
73,"(246, 190)","(357, 174)","(301, 438)","(0, 0)","(0, 0)","(0, 0)","(0, 0)","(0, 0)","(0, 0)",2
74,"(247, 190)","(356, 174)","(301, 438)","(0, 0)","(0, 0)","(0, 0)","(0, 0)","(0, 0)","(0, 0)",2
75,"(247, 190)","(357, 174)","(301, 438)","(0, 0)","(0, 0)","(0, 0)","(0, 0)","(0, 0)","(0, 0)",2
76,"(246, 190)","(358, 174)","(299, 439)","(0, 0)","(0, 0)","(0, 0)","(0, 0)","(0, 0)","(0, 0)",2
77,"(246, 190)","(358, 174)","(301, 438)","(0, 0)","(0, 0)","(0, 0)","(0, 0)","(0, 0)","(0, 0)",2
78,"(246, 190)","(358, 174)","(301, 438)","(0, 0)","(0, 0)","(0, 0)","(0, 0)","(0, 0)","(0, 0)",2
79,"(246, 190)","(356, 175)","(301, 438)","(0, 0)","(0, 0)","(0, 0)","(0, 0)","(0, 0)","(0, 0)",2
80,"(246, 190)","(357, 175)","(302, 438)","(0, 0)","(0, 0)","(0, 0)","(0, 0)","(0, 0)","(0, 0)",2
81,"(246, 190)","(359, 175)","(302, 438)","(0, 0)","(0, 0)","(0, 0)","(0, 0)","(0, 0)","(0, 0)",2
82,"(250, 189)","(359, 175)","(302, 437)","(0, 0)","(0, 0)","(0, 0)","(0, 0)","(0, 0)","(0, 0)",2
83,"(248, 189)","(359, 175)","(302, 437)","(0, 0)","(0, 0)","(0, 0)","(0, 0)","(0, 0)","(0, 0)",2
84,"(250, 188)","(360, 175)","(302, 436)","(0, 0)","(0, 0)","(0, 0)","(0, 0)","(0, 0)","(0, 0)",2
85,"(247, 188)","(360, 175)","(301, 436)","(0, 0)","(0, 0)","(0, 0)","(0, 0)","(0, 0)","(0, 0)",2
86,"(251, 186)","(363, 174)","(301, 435)","(0, 0)","(0, 0)","(0, 0)","(0, 0)","(0, 0)","(0, 0)",2
87,"(249, 186)","(361, 174)","(301, 435)","(0, 0)","(0, 0)","(0, 0)","(0, 0)","(0, 0)","(0, 0)",2
88,"(251, 185)","(362, 174)","(301, 435)","(0, 0)","(0, 0)","(0, 0)","(0, 0)","(0, 0)","(0, 0)",2
89,"(251, 185)","(363, 174)","(302, 434)","(0, 0)","(0, 0)","(0, 0)","(0, 0)","(0, 0)","(0, 0)",2
90,"(253, 184)","(360, 175)","(301, 435)","(0, 0)","(0, 0)","(0, 0)","(0, 0)","(0, 0)","(0, 0)",2
91,"(251, 184)","(360, 175)","(302, 434)","(0, 0)","(0, 0)","(0, 0)","(0, 0)","(0, 0)","(0, 0)",2
92,"(254, 183)","(360, 175)","(302, 434)","(0, 0)","(0, 0)","(0, 0)","(0, 0)","(0, 0)","(0, 0)",2
93,"(256, 182)","(362, 175)","(302, 434)","(0, 0)","(0, 0)","(0, 0)","(0, 0)","(0, 0)","(0, 0)",2
94,"(256, 182)","(363, 175)","(302, 434)","(0, 0)","(0, 0)","(0, 0)","(0, 0)","(0, 0)","(0, 0)",2
95,"(258, 182)","(364, 177)","(305, 434)","(0, 0)","(0, 0)","(0, 0)","(0, 0)","(0, 0)","(0, 0)",2
96,"(259, 182)","(378, 182)","(304, 436)","(0, 0)","(0, 0)","(0, 0)","(0, 0)","(0, 0)","(0, 0)",2
97,"(260, 182)","(374, 182)","(304, 436)","(0, 0)","(0, 0)","(0, 0)","(0, 0)","(0, 0)","(0, 0)",2
98,"(259, 182)","(374, 182)","(305, 435)","(0, 0)","(0, 0)","(0, 0)","(0, 0)","(0, 0)","(0, 0)",2
99,"(267, 181)","(376, 182)","(303, 435)","(0, 0)","(0, 0)","(0, 0)","(0, 0)","(0, 0)","(0, 0)",2
100,"(266, 180)","(377, 182)","(302, 434)","(0, 0)","(0, 0)","(0, 0)","(0, 0)","(0, 0)","(0, 0)",2
101,"(268, 180)","(378, 182)","(304, 434)","(0, 0)","(0, 0)","(0, 0)","(0, 0)","(0, 0)","(0, 0)",2
102,"(268, 178)","(383, 185)","(305, 433)","(0, 0)","(0, 0)","(0, 0)","(0, 0)","(0, 0)","(0, 0)",2
103,"(271, 178)","(384, 185)","(304, 432)","(0, 0)","(0, 0)","(0, 0)","(0, 0)","(0, 0)","(0, 0)",2
104,"(270, 177)","(382, 184)","(305, 432)","(0, 0)","(0, 0)","(0, 0)","(0, 0)","(0, 0)","(0, 0)",2
105,"(270, 176)","(383, 184)","(304, 431)","(0, 0)","(0, 0)","(0, 0)","(0, 0)","(0, 0)","(0, 0)",2
106,"(273, 176)","(385, 185)","(304, 430)","(0, 0)","(0, 0)","(0, 0)","(0, 0)","(0, 0)","(0, 0)",2
107,"(272, 175)","(387, 186)","(305, 430)","(0, 0)","(0, 0)","(0, 0)","(0, 0)","(0, 0)","(0, 0)",2
108,"(273, 174)","(386, 185)","(304, 429)","(0, 0)","(0, 0)","(0, 0)","(0, 0)","(0, 0)","(0, 0)",2
109,"(276, 174)","(388, 186)","(306, 429)","(0, 0)","(0, 0)","(0, 0)","(0, 0)","(0, 0)","(0, 0)",2
110,"(275, 173)","(388, 186)","(307, 429)","(0, 0)","(0, 0)","(0, 0)","(0, 0)","(0, 0)","(0, 0)",2
111,"(278, 173)","(389, 186)","(307, 429)","(0, 0)","(0, 0)","(0, 0)","(0, 0)","(0, 0)","(0, 0)",2
112,"(278, 173)","(389, 186)","(307, 429)","(0, 0)","(0, 0)","(0, 0)","(0, 0)","(0, 0)","(0, 0)",2
113,"(278, 172)","(392, 188)","(307, 428)","(0, 0)","(0, 0)","(0, 0)","(0, 0)","(0, 0)","(0, 0)",2
114,"(281, 172)","(393, 188)","(308, 428)","(0, 0)","(0, 0)","(0, 0)","(0, 0)","(0, 0)","(0, 0)",2
115,"(279, 171)","(396, 190)","(310, 428)","(0, 0)","(0, 0)","(0, 0)","(0, 0)","(0, 0)","(0, 0)",2
116,"(282, 171)","(396, 190)","(308, 427)","(0, 0)","(0, 0)","(0, 0)","(0, 0)","(0, 0)","(0, 0)",2
117,"(283, 171)","(396, 190)","(309, 427)","(0, 0)","(0, 0)","(0, 0)","(0, 0)","(0, 0)","(0, 0)",2
118,"(284, 170)","(397, 192)","(311, 427)","(0, 0)","(0, 0)","(0, 0)","(0, 0)","(0, 0)","(0, 0)",2
119,"(284, 169)","(400, 193)","(311, 426)","(0, 0)","(0, 0)","(0, 0)","(0, 0)","(0, 0)","(0, 0)",2
120,"(285, 169)","(397, 193)","(311, 426)","(0, 0)","(0, 0)","(0, 0)","(0, 0)","(0, 0)","(0, 0)",2
121,"(283, 168)","(402, 194)","(309, 425)","(0, 0)","(0, 0)","(0, 0)","(0, 0)","(0, 0)","(0, 0)",2
122,"(287, 168)","(404, 196)","(311, 425)","(0, 0)","(0, 0)","(0, 0)","(0, 0)","(0, 0)","(0, 0)",2
123,"(284, 167)","(404, 196)","(311, 425)","(0, 0)","(0, 0)","(0, 0)","(0, 0)","(0, 0)","(0, 0)",2
124,"(287, 167)","(404, 196)","(310, 424)","(0, 0)","(0, 0)","(0, 0)","(0, 0)","(0, 0)","(0, 0)",2
125,"(288, 166)","(407, 198)","(311, 424)","(0, 0)","(0, 0)","(0, 0)","(0, 0)","(0, 0)","(0, 0)",2
126,"(288, 164)","(407, 198)","(311, 423)","(0, 0)","(0, 0)","(0, 0)","(0, 0)","(0, 0)","(0, 0)",2
127,"(291, 164)","(407, 198)","(311, 422)","(0, 0)","(0, 0)","(0, 0)","(0, 0)","(0, 0)","(0, 0)",2
128,"(288, 162)","(407, 198)","(310, 421)","(0, 0)","(0, 0)","(0, 0)","(0, 0)","(0, 0)","(0, 0)",2
129,"(289, 161)","(408, 198)","(312, 421)","(0, 0)","(0, 0)","(0, 0)","(0, 0)","(0, 0)","(0, 0)",2
130,"(293, 161)","(406, 198)","(310, 420)","(0, 0)","(0, 0)","(0, 0)","(0, 0)","(0, 0)","(0, 0)",2
131,"(292, 160)","(409, 199)","(311, 420)","(0, 0)","(0, 0)","(0, 0)","(0, 0)","(0, 0)","(0, 0)",2
132,"(295, 160)","(411, 200)","(313, 420)","(0, 0)","(0, 0)","(0, 0)","(0, 0)","(0, 0)","(0, 0)",2
133,"(294, 159)","(411, 200)","(311, 419)","(0, 0)","(0, 0)","(0, 0)","(0, 0)","(0, 0)","(0, 0)",2
134,"(295, 159)","(411, 200)","(312, 419)","(0, 0)","(0, 0)","(0, 0)","(0, 0)","(0, 0)","(0, 0)",2
135,"(297, 159)","(411, 200)","(312, 419)","(0, 0)","(0, 0)","(0, 0)","(0, 0)","(0, 0)","(0, 0)",2
136,"(295, 158)","(411, 200)","(313, 419)","(0, 0)","(0, 0)","(0, 0)","(0, 0)","(0, 0)","(0, 0)",2
137,"(297, 158)","(411, 200)","(313, 419)","(0, 0)","(0, 0)","(0, 0)","(0, 0)","(0, 0)","(0, 0)",2
138,"(299, 158)","(411, 200)","(313, 418)","(0, 0)","(0, 0)","(0, 0)","(0, 0)","(0, 0)","(0, 0)",2
139,"(299, 157)","(414, 202)","(314, 418)","(0, 0)","(0, 0)","(0, 0)","(0, 0)","(0, 0)","(0, 0)",2
140,"(302, 157)","(415, 203)","(316, 418)","(0, 0)","(0, 0)","(0, 0)","(0, 0)","(0, 0)","(0, 0)",2
141,"(305, 156)","(419, 204)","(319, 417)","(0, 0)","(0, 0)","(0, 0)","(0, 0)","(0, 0)","(0, 0)",2
142,"(307, 155)","(421, 204)","(319, 415)","(0, 0)","(0, 0)","(0, 0)","(0, 0)","(0, 0)","(0, 0)",2
143,"(308, 154)","(420, 203)","(321, 415)","(0, 0)","(0, 0)","(0, 0)","(0, 0)","(0, 0)","(0, 0)",2
144,"(311, 154)","(423, 204)","(319, 413)","(0, 0)","(0, 0)","(0, 0)","(0, 0)","(0, 0)","(0, 0)",2
145,"(313, 153)","(423, 204)","(319, 412)","(0, 0)","(0, 0)","(0, 0)","(0, 0)","(0, 0)","(0, 0)",2
146,"(311, 151)","(421, 203)","(319, 411)","(0, 0)","(0, 0)","(0, 0)","(0, 0)","(0, 0)","(0, 0)",2
147,"(314, 151)","(423, 204)","(319, 411)","(0, 0)","(0, 0)","(0, 0)","(0, 0)","(0, 0)","(0, 0)",2
148,"(311, 149)","(423, 204)","(319, 411)","(0, 0)","(0, 0)","(0, 0)","(0, 0)","(0, 0)","(0, 0)",2
149,"(312, 149)","(426, 206)","(320, 411)","(0, 0)","(0, 0)","(0, 0)","(0, 0)","(0, 0)","(0, 0)",2
150,"(316, 150)","(427, 208)","(320, 411)","(0, 0)","(0, 0)","(0, 0)","(0, 0)","(0, 0)","(0, 0)",2
151,"(317, 150)","(427, 208)","(317, 409)","(0, 0)","(0, 0)","(0, 0)","(0, 0)","(0, 0)","(0, 0)",2
152,"(318, 150)","(427, 208)","(319, 410)","(0, 0)","(0, 0)","(0, 0)","(0, 0)","(0, 0)","(0, 0)",2
153,"(318, 149)","(430, 212)","(321, 411)","(0, 0)","(0, 0)","(0, 0)","(0, 0)","(0, 0)","(0, 0)",2
154,"(321, 150)","(430, 212)","(320, 410)","(0, 0)","(0, 0)","(0, 0)","(0, 0)","(0, 0)","(0, 0)",2
155,"(319, 148)","(430, 212)","(320, 410)","(0, 0)","(0, 0)","(0, 0)","(0, 0)","(0, 0)","(0, 0)",2
156,"(324, 149)","(433, 214)","(322, 409)","(0, 0)","(0, 0)","(0, 0)","(0, 0)","(0, 0)","(0, 0)",2
157,"(327, 149)","(433, 214)","(321, 407)","(0, 0)","(0, 0)","(0, 0)","(0, 0)","(0, 0)","(0, 0)",2
158,"(326, 147)","(434, 214)","(323, 407)","(0, 0)","(0, 0)","(0, 0)","(0, 0)","(0, 0)","(0, 0)",2
159,"(327, 146)","(435, 214)","(322, 405)","(0, 0)","(0, 0)","(0, 0)","(0, 0)","(0, 0)","(0, 0)",2
160,"(330, 146)","(437, 215)","(322, 404)","(0, 0)","(0, 0)","(0, 0)","(0, 0)","(0, 0)","(0, 0)",2
161,"(329, 144)","(438, 216)","(323, 404)","(0, 0)","(0, 0)","(0, 0)","(0, 0)","(0, 0)","(0, 0)",2
162,"(334, 146)","(439, 218)","(324, 404)","(0, 0)","(0, 0)","(0, 0)","(0, 0)","(0, 0)","(0, 0)",2
163,"(334, 145)","(440, 219)","(324, 404)","(0, 0)","(0, 0)","(0, 0)","(0, 0)","(0, 0)","(0, 0)",2
164,"(193, 596)","(273, 303)","(440, 219)","(230, 466)","(323, 403)","(0, 0)","(0, 0)","(0, 0)","(0, 0)",2
165,"(334, 144)","(440, 219)","(322, 402)","(0, 0)","(0, 0)","(0, 0)","(0, 0)","(0, 0)","(0, 0)",2
166,"(335, 144)","(440, 219)","(324, 403)","(0, 0)","(0, 0)","(0, 0)","(0, 0)","(0, 0)","(0, 0)",2
167,"(336, 144)","(443, 223)","(324, 403)","(0, 0)","(0, 0)","(0, 0)","(0, 0)","(0, 0)","(0, 0)",2
168,"(190, 598)","(273, 302)","(443, 223)","(229, 467)","(324, 403)","(0, 0)","(0, 0)","(0, 0)","(0, 0)",2
169,"(335, 142)","(442, 223)","(325, 403)","(0, 0)","(0, 0)","(0, 0)","(0, 0)","(0, 0)","(0, 0)",2
170,"(339, 144)","(445, 226)","(324, 402)","(0, 0)","(0, 0)","(0, 0)","(0, 0)","(0, 0)","(0, 0)",2
171,"(339, 143)","(443, 225)","(324, 402)","(0, 0)","(0, 0)","(0, 0)","(0, 0)","(0, 0)","(0, 0)",2
172,"(338, 142)","(444, 226)","(323, 402)","(0, 0)","(0, 0)","(0, 0)","(0, 0)","(0, 0)","(0, 0)",2
173,"(340, 143)","(444, 226)","(324, 402)","(0, 0)","(0, 0)","(0, 0)","(0, 0)","(0, 0)","(0, 0)",2
174,"(339, 142)","(445, 227)","(324, 402)","(0, 0)","(0, 0)","(0, 0)","(0, 0)","(0, 0)","(0, 0)",2
175,"(339, 141)","(447, 230)","(324, 402)","(0, 0)","(0, 0)","(0, 0)","(0, 0)","(0, 0)","(0, 0)",2
176,"(343, 143)","(446, 230)","(325, 402)","(0, 0)","(0, 0)","(0, 0)","(0, 0)","(0, 0)","(0, 0)",2
177,"(345, 144)","(447, 231)","(325, 402)","(0, 0)","(0, 0)","(0, 0)","(0, 0)","(0, 0)","(0, 0)",2
178,"(345, 143)","(449, 234)","(325, 402)","(0, 0)","(0, 0)","(0, 0)","(0, 0)","(0, 0)","(0, 0)",2
179,"(344, 142)","(448, 234)","(325, 402)","(0, 0)","(0, 0)","(0, 0)","(0, 0)","(0, 0)","(0, 0)",2
180,"(347, 144)","(448, 234)","(325, 402)","(0, 0)","(0, 0)","(0, 0)","(0, 0)","(0, 0)","(0, 0)",2
181,"(346, 143)","(447, 233)","(325, 402)","(0, 0)","(0, 0)","(0, 0)","(0, 0)","(0, 0)","(0, 0)",2
182,"(346, 143)","(447, 233)","(324, 401)","(0, 0)","(0, 0)","(0, 0)","(0, 0)","(0, 0)","(0, 0)",2
183,"(345, 142)","(447, 233)","(326, 402)","(0, 0)","(0, 0)","(0, 0)","(0, 0)","(0, 0)","(0, 0)",2
184,"(347, 143)","(447, 233)","(325, 401)","(0, 0)","(0, 0)","(0, 0)","(0, 0)","(0, 0)","(0, 0)",2
185,"(346, 142)","(447, 233)","(325, 401)","(0, 0)","(0, 0)","(0, 0)","(0, 0)","(0, 0)","(0, 0)",2
186,"(349, 144)","(448, 234)","(324, 401)","(0, 0)","(0, 0)","(0, 0)","(0, 0)","(0, 0)","(0, 0)",2
187,"(347, 142)","(449, 235)","(326, 402)","(0, 0)","(0, 0)","(0, 0)","(0, 0)","(0, 0)","(0, 0)",2
188,"(352, 145)","(449, 238)","(326, 402)","(0, 0)","(0, 0)","(0, 0)","(0, 0)","(0, 0)","(0, 0)",2
189,"(351, 144)","(449, 238)","(325, 401)","(0, 0)","(0, 0)","(0, 0)","(0, 0)","(0, 0)","(0, 0)",2
190,"(351, 144)","(450, 239)","(325, 401)","(0, 0)","(0, 0)","(0, 0)","(0, 0)","(0, 0)","(0, 0)",2
191,"(351, 144)","(450, 239)","(326, 402)","(0, 0)","(0, 0)","(0, 0)","(0, 0)","(0, 0)","(0, 0)",2
192,"(351, 144)","(450, 239)","(325, 401)","(0, 0)","(0, 0)","(0, 0)","(0, 0)","(0, 0)","(0, 0)",2
193,"(350, 143)","(450, 239)","(215, 461)","(325, 401)","(0, 0)","(0, 0)","(0, 0)","(0, 0)","(0, 0)",2
194,"(351, 144)","(450, 239)","(326, 402)","(0, 0)","(0, 0)","(0, 0)","(0, 0)","(0, 0)","(0, 0)",2
195,"(350, 143)","(451, 241)","(327, 402)","(0, 0)","(0, 0)","(0, 0)","(0, 0)","(0, 0)","(0, 0)",2
196,"(352, 144)","(453, 244)","(327, 402)","(0, 0)","(0, 0)","(0, 0)","(0, 0)","(0, 0)","(0, 0)",2
197,"(351, 143)","(453, 244)","(326, 401)","(0, 0)","(0, 0)","(0, 0)","(0, 0)","(0, 0)","(0, 0)",2
198,"(351, 143)","(455, 245)","(327, 401)","(0, 0)","(0, 0)","(0, 0)","(0, 0)","(0, 0)","(0, 0)",2
199,"(351, 142)","(457, 248)","(328, 401)","(0, 0)","(0, 0)","(0, 0)","(0, 0)","(0, 0)","(0, 0)",2
200,"(350, 141)","(458, 249)","(327, 400)","(0, 0)","(0, 0)","(0, 0)","(0, 0)","(0, 0)","(0, 0)",2
201,"(355, 144)","(460, 251)","(325, 396)","(0, 0)","(0, 0)","(0, 0)","(0, 0)","(0, 0)","(0, 0)",2
202,"(354, 141)","(461, 252)","(325, 395)","(0, 0)","(0, 0)","(0, 0)","(0, 0)","(0, 0)","(0, 0)",2
203,"(353, 139)","(459, 249)","(325, 394)","(0, 0)","(0, 0)","(0, 0)","(0, 0)","(0, 0)","(0, 0)",2
204,"(357, 142)","(461, 252)","(325, 393)","(0, 0)","(0, 0)","(0, 0)","(0, 0)","(0, 0)","(0, 0)",2
205,"(356, 140)","(461, 252)","(325, 393)","(0, 0)","(0, 0)","(0, 0)","(0, 0)","(0, 0)","(0, 0)",2
206,"(358, 142)","(460, 251)","(325, 393)","(0, 0)","(0, 0)","(0, 0)","(0, 0)","(0, 0)","(0, 0)",2
207,"(358, 141)","(462, 255)","(326, 394)","(0, 0)","(0, 0)","(0, 0)","(0, 0)","(0, 0)","(0, 0)",2
208,"(358, 140)","(462, 256)","(326, 394)","(0, 0)","(0, 0)","(0, 0)","(0, 0)","(0, 0)","(0, 0)",2
209,"(358, 140)","(462, 256)","(326, 394)","(0, 0)","(0, 0)","(0, 0)","(0, 0)","(0, 0)","(0, 0)",2
210,"(358, 140)","(462, 256)","(326, 394)","(0, 0)","(0, 0)","(0, 0)","(0, 0)","(0, 0)","(0, 0)",2
211,"(359, 141)","(462, 256)","(326, 394)","(0, 0)","(0, 0)","(0, 0)","(0, 0)","(0, 0)","(0, 0)",2
212,"(360, 141)","(462, 257)","(194, 508)","(326, 393)","(0, 0)","(0, 0)","(0, 0)","(0, 0)","(0, 0)",2
213,"(362, 143)","(464, 260)","(326, 393)","(0, 0)","(0, 0)","(0, 0)","(0, 0)","(0, 0)","(0, 0)",2
214,"(362, 143)","(464, 260)","(203, 480)","(327, 395)","(0, 0)","(0, 0)","(0, 0)","(0, 0)","(0, 0)",2
215,"(363, 144)","(465, 262)","(194, 505)","(327, 395)","(0, 0)","(0, 0)","(0, 0)","(0, 0)","(0, 0)",2
216,"(362, 142)","(464, 261)","(328, 396)","(0, 0)","(0, 0)","(0, 0)","(0, 0)","(0, 0)","(0, 0)",2
217,"(362, 142)","(464, 261)","(327, 394)","(0, 0)","(0, 0)","(0, 0)","(0, 0)","(0, 0)","(0, 0)",2
218,"(362, 142)","(465, 262)","(328, 395)","(0, 0)","(0, 0)","(0, 0)","(0, 0)","(0, 0)","(0, 0)",2
219,"(363, 142)","(465, 261)","(329, 395)","(0, 0)","(0, 0)","(0, 0)","(0, 0)","(0, 0)","(0, 0)",2
220,"(364, 142)","(467, 263)","(194, 508)","(328, 393)","(0, 0)","(0, 0)","(0, 0)","(0, 0)","(0, 0)",2
221,"(363, 140)","(465, 260)","(328, 392)","(0, 0)","(0, 0)","(0, 0)","(0, 0)","(0, 0)","(0, 0)",2
222,"(366, 142)","(466, 261)","(328, 391)","(0, 0)","(0, 0)","(0, 0)","(0, 0)","(0, 0)","(0, 0)",2
223,"(366, 141)","(467, 263)","(329, 392)","(0, 0)","(0, 0)","(0, 0)","(0, 0)","(0, 0)","(0, 0)",2
224,"(368, 143)","(469, 266)","(329, 392)","(0, 0)","(0, 0)","(0, 0)","(0, 0)","(0, 0)","(0, 0)",2
225,"(366, 140)","(466, 262)","(329, 391)","(0, 0)","(0, 0)","(0, 0)","(0, 0)","(0, 0)","(0, 0)",2
226,"(366, 140)","(467, 263)","(330, 392)","(0, 0)","(0, 0)","(0, 0)","(0, 0)","(0, 0)","(0, 0)",2
227,"(367, 141)","(468, 264)","(330, 392)","(0, 0)","(0, 0)","(0, 0)","(0, 0)","(0, 0)","(0, 0)",2
228,"(366, 139)","(468, 264)","(329, 390)","(0, 0)","(0, 0)","(0, 0)","(0, 0)","(0, 0)","(0, 0)",2
229,"(367, 140)","(467, 263)","(329, 390)","(0, 0)","(0, 0)","(0, 0)","(0, 0)","(0, 0)","(0, 0)",2
230,"(368, 141)","(467, 263)","(329, 390)","(0, 0)","(0, 0)","(0, 0)","(0, 0)","(0, 0)","(0, 0)",2
231,"(368, 140)","(468, 264)","(329, 390)","(0, 0)","(0, 0)","(0, 0)","(0, 0)","(0, 0)","(0, 0)",2
232,"(369, 141)","(467, 263)","(330, 391)","(0, 0)","(0, 0)","(0, 0)","(0, 0)","(0, 0)","(0, 0)",2
233,"(368, 139)","(466, 262)","(330, 391)","(0, 0)","(0, 0)","(0, 0)","(0, 0)","(0, 0)","(0, 0)",2
234,"(370, 141)","(468, 265)","(329, 389)","(0, 0)","(0, 0)","(0, 0)","(0, 0)","(0, 0)","(0, 0)",2
235,"(373, 143)","(470, 269)","(330, 390)","(0, 0)","(0, 0)","(0, 0)","(0, 0)","(0, 0)","(0, 0)",2
236,"(373, 142)","(470, 269)","(330, 390)","(0, 0)","(0, 0)","(0, 0)","(0, 0)","(0, 0)","(0, 0)",2
237,"(372, 140)","(470, 269)","(331, 391)","(0, 0)","(0, 0)","(0, 0)","(0, 0)","(0, 0)","(0, 0)",2
238,"(374, 142)","(470, 270)","(330, 389)","(0, 0)","(0, 0)","(0, 0)","(0, 0)","(0, 0)","(0, 0)",2
239,"(375, 142)","(470, 271)","(201, 465)","(330, 389)","(0, 0)","(0, 0)","(0, 0)","(0, 0)","(0, 0)",2
240,"(375, 142)","(472, 274)","(330, 389)","(0, 0)","(0, 0)","(0, 0)","(0, 0)","(0, 0)","(0, 0)",2
241,"(375, 142)","(471, 272)","(331, 390)","(0, 0)","(0, 0)","(0, 0)","(0, 0)","(0, 0)","(0, 0)",2
242,"(375, 142)","(471, 272)","(330, 389)","(0, 0)","(0, 0)","(0, 0)","(0, 0)","(0, 0)","(0, 0)",2
243,"(375, 142)","(470, 271)","(330, 389)","(0, 0)","(0, 0)","(0, 0)","(0, 0)","(0, 0)","(0, 0)",2
244,"(375, 142)","(470, 271)","(330, 389)","(0, 0)","(0, 0)","(0, 0)","(0, 0)","(0, 0)","(0, 0)",2
245,"(375, 142)","(472, 274)","(330, 389)","(0, 0)","(0, 0)","(0, 0)","(0, 0)","(0, 0)","(0, 0)",2
246,"(376, 143)","(471, 273)","(330, 389)","(0, 0)","(0, 0)","(0, 0)","(0, 0)","(0, 0)","(0, 0)",2
247,"(376, 143)","(470, 272)","(330, 389)","(0, 0)","(0, 0)","(0, 0)","(0, 0)","(0, 0)","(0, 0)",2
248,"(375, 141)","(471, 273)","(329, 387)","(0, 0)","(0, 0)","(0, 0)","(0, 0)","(0, 0)","(0, 0)",2
249,"(375, 140)","(471, 273)","(330, 388)","(0, 0)","(0, 0)","(0, 0)","(0, 0)","(0, 0)","(0, 0)",2
250,"(376, 141)","(471, 273)","(330, 388)","(0, 0)","(0, 0)","(0, 0)","(0, 0)","(0, 0)","(0, 0)",2
251,"(376, 141)","(471, 273)","(329, 386)","(0, 0)","(0, 0)","(0, 0)","(0, 0)","(0, 0)","(0, 0)",2
252,"(376, 140)","(472, 274)","(331, 388)","(0, 0)","(0, 0)","(0, 0)","(0, 0)","(0, 0)","(0, 0)",2
253,"(376, 139)","(470, 271)","(329, 385)","(0, 0)","(0, 0)","(0, 0)","(0, 0)","(0, 0)","(0, 0)",2
254,"(377, 140)","(472, 274)","(329, 385)","(0, 0)","(0, 0)","(0, 0)","(0, 0)","(0, 0)","(0, 0)",2
255,"(378, 141)","(472, 274)","(329, 385)","(0, 0)","(0, 0)","(0, 0)","(0, 0)","(0, 0)","(0, 0)",2
256,"(378, 140)","(470, 271)","(329, 384)","(0, 0)","(0, 0)","(0, 0)","(0, 0)","(0, 0)","(0, 0)",2
257,"(378, 139)","(470, 271)","(330, 385)","(0, 0)","(0, 0)","(0, 0)","(0, 0)","(0, 0)","(0, 0)",2
258,"(378, 138)","(472, 274)","(329, 383)","(0, 0)","(0, 0)","(0, 0)","(0, 0)","(0, 0)","(0, 0)",2
259,"(380, 139)","(470, 271)","(329, 382)","(368, 132)","(0, 0)","(0, 0)","(0, 0)","(0, 0)","(0, 0)",2
260,"(380, 138)","(472, 274)","(328, 380)","(0, 0)","(0, 0)","(0, 0)","(0, 0)","(0, 0)","(0, 0)",2
261,"(380, 137)","(472, 275)","(328, 380)","(0, 0)","(0, 0)","(0, 0)","(0, 0)","(0, 0)","(0, 0)",2
262,"(380, 136)","(472, 275)","(328, 380)","(0, 0)","(0, 0)","(0, 0)","(0, 0)","(0, 0)","(0, 0)",2
263,"(382, 139)","(473, 277)","(328, 380)","(0, 0)","(0, 0)","(0, 0)","(0, 0)","(0, 0)","(0, 0)",2
264,"(382, 139)","(473, 277)","(328, 380)","(0, 0)","(0, 0)","(0, 0)","(0, 0)","(0, 0)","(0, 0)",2
265,"(382, 138)","(472, 275)","(329, 381)","(0, 0)","(0, 0)","(0, 0)","(0, 0)","(0, 0)","(0, 0)",2
266,"(381, 136)","(472, 275)","(327, 378)","(0, 0)","(0, 0)","(0, 0)","(0, 0)","(0, 0)","(0, 0)",2
267,"(381, 136)","(473, 277)","(328, 380)","(0, 0)","(0, 0)","(0, 0)","(0, 0)","(0, 0)","(0, 0)",2
268,"(381, 136)","(472, 275)","(328, 380)","(0, 0)","(0, 0)","(0, 0)","(0, 0)","(0, 0)","(0, 0)",2
269,"(381, 136)","(472, 275)","(328, 380)","(0, 0)","(0, 0)","(0, 0)","(0, 0)","(0, 0)","(0, 0)",2
270,"(381, 136)","(472, 275)","(327, 379)","(0, 0)","(0, 0)","(0, 0)","(0, 0)","(0, 0)","(0, 0)",2
271,"(381, 136)","(473, 277)","(327, 379)","(0, 0)","(0, 0)","(0, 0)","(0, 0)","(0, 0)","(0, 0)",2
272,"(382, 138)","(473, 277)","(327, 379)","(0, 0)","(0, 0)","(0, 0)","(0, 0)","(0, 0)","(0, 0)",2
273,"(382, 138)","(473, 277)","(327, 379)","(0, 0)","(0, 0)","(0, 0)","(0, 0)","(0, 0)","(0, 0)",2
274,"(382, 138)","(472, 275)","(326, 377)","(0, 0)","(0, 0)","(0, 0)","(0, 0)","(0, 0)","(0, 0)",2
275,"(381, 137)","(472, 275)","(327, 379)","(0, 0)","(0, 0)","(0, 0)","(0, 0)","(0, 0)","(0, 0)",2
276,"(382, 138)","(471, 273)","(328, 380)","(0, 0)","(0, 0)","(0, 0)","(0, 0)","(0, 0)","(0, 0)",2
277,"(381, 137)","(471, 273)","(328, 380)","(0, 0)","(0, 0)","(0, 0)","(0, 0)","(0, 0)","(0, 0)",2
278,"(381, 137)","(473, 276)","(328, 380)","(0, 0)","(0, 0)","(0, 0)","(0, 0)","(0, 0)","(0, 0)",2
279,"(381, 137)","(473, 276)","(328, 380)","(0, 0)","(0, 0)","(0, 0)","(0, 0)","(0, 0)","(0, 0)",2
280,"(381, 137)","(472, 274)","(328, 380)","(0, 0)","(0, 0)","(0, 0)","(0, 0)","(0, 0)","(0, 0)",2
281,"(381, 137)","(473, 276)","(328, 380)","(0, 0)","(0, 0)","(0, 0)","(0, 0)","(0, 0)","(0, 0)",2
282,"(381, 137)","(473, 276)","(328, 380)","(0, 0)","(0, 0)","(0, 0)","(0, 0)","(0, 0)","(0, 0)",2
283,"(381, 137)","(473, 276)","(328, 380)","(0, 0)","(0, 0)","(0, 0)","(0, 0)","(0, 0)","(0, 0)",2
284,"(381, 137)","(472, 274)","(328, 380)","(0, 0)","(0, 0)","(0, 0)","(0, 0)","(0, 0)","(0, 0)",2
285,"(381, 137)","(471, 273)","(328, 380)","(0, 0)","(0, 0)","(0, 0)","(0, 0)","(0, 0)","(0, 0)",2
286,"(381, 137)","(473, 276)","(328, 380)","(0, 0)","(0, 0)","(0, 0)","(0, 0)","(0, 0)","(0, 0)",2
287,"(381, 137)","(473, 276)","(328, 380)","(0, 0)","(0, 0)","(0, 0)","(0, 0)","(0, 0)","(0, 0)",2
288,"(381, 137)","(473, 276)","(328, 380)","(0, 0)","(0, 0)","(0, 0)","(0, 0)","(0, 0)","(0, 0)",2
289,"(381, 137)","(471, 273)","(328, 380)","(0, 0)","(0, 0)","(0, 0)","(0, 0)","(0, 0)","(0, 0)",2
290,"(381, 137)","(471, 273)","(328, 380)","(0, 0)","(0, 0)","(0, 0)","(0, 0)","(0, 0)","(0, 0)",2
291,"(381, 137)","(471, 273)","(328, 380)","(0, 0)","(0, 0)","(0, 0)","(0, 0)","(0, 0)","(0, 0)",2
292,"(381, 137)","(471, 273)","(328, 380)","(0, 0)","(0, 0)","(0, 0)","(0, 0)","(0, 0)","(0, 0)",2
293,"(381, 137)","(472, 275)","(328, 380)","(0, 0)","(0, 0)","(0, 0)","(0, 0)","(0, 0)","(0, 0)",2
294,"(381, 137)","(472, 275)","(327, 379)","(0, 0)","(0, 0)","(0, 0)","(0, 0)","(0, 0)","(0, 0)",2
295,"(381, 137)","(471, 273)","(328, 380)","(0, 0)","(0, 0)","(0, 0)","(0, 0)","(0, 0)","(0, 0)",2
296,"(381, 137)","(472, 275)","(328, 380)","(0, 0)","(0, 0)","(0, 0)","(0, 0)","(0, 0)","(0, 0)",2
297,"(381, 137)","(471, 273)","(328, 380)","(0, 0)","(0, 0)","(0, 0)","(0, 0)","(0, 0)","(0, 0)",2
298,"(381, 137)","(471, 273)","(328, 380)","(0, 0)","(0, 0)","(0, 0)","(0, 0)","(0, 0)","(0, 0)",2
299,"(381, 137)","(471, 273)","(328, 380)","(0, 0)","(0, 0)","(0, 0)","(0, 0)","(0, 0)","(0, 0)",2
300,"(381, 137)","(473, 276)","(328, 380)","(0, 0)","(0, 0)","(0, 0)","(0, 0)","(0, 0)","(0, 0)",2
301,"(381, 137)","(473, 276)","(328, 380)","(0, 0)","(0, 0)","(0, 0)","(0, 0)","(0, 0)","(0, 0)",2
302,"(381, 137)","(473, 276)","(328, 380)","(0, 0)","(0, 0)","(0, 0)","(0, 0)","(0, 0)","(0, 0)",2
303,"(381, 137)","(473, 276)","(328, 380)","(0, 0)","(0, 0)","(0, 0)","(0, 0)","(0, 0)","(0, 0)",2
304,"(381, 137)","(473, 276)","(328, 380)","(0, 0)","(0, 0)","(0, 0)","(0, 0)","(0, 0)","(0, 0)",2
305,"(381, 137)","(473, 276)","(328, 380)","(0, 0)","(0, 0)","(0, 0)","(0, 0)","(0, 0)","(0, 0)",2
306,"(381, 137)","(471, 273)","(328, 380)","(0, 0)","(0, 0)","(0, 0)","(0, 0)","(0, 0)","(0, 0)",2
307,"(381, 137)","(473, 276)","(328, 380)","(0, 0)","(0, 0)","(0, 0)","(0, 0)","(0, 0)","(0, 0)",2
308,"(381, 137)","(472, 274)","(328, 380)","(0, 0)","(0, 0)","(0, 0)","(0, 0)","(0, 0)","(0, 0)",2
309,"(380, 136)","(472, 274)","(328, 380)","(0, 0)","(0, 0)","(0, 0)","(0, 0)","(0, 0)","(0, 0)",2
310,"(381, 137)","(472, 274)","(328, 380)","(0, 0)","(0, 0)","(0, 0)","(0, 0)","(0, 0)","(0, 0)",2
311,"(380, 136)","(472, 274)","(328, 380)","(0, 0)","(0, 0)","(0, 0)","(0, 0)","(0, 0)","(0, 0)",2
312,"(380, 136)","(472, 274)","(328, 380)","(0, 0)","(0, 0)","(0, 0)","(0, 0)","(0, 0)","(0, 0)",2
313,"(380, 136)","(472, 274)","(328, 380)","(0, 0)","(0, 0)","(0, 0)","(0, 0)","(0, 0)","(0, 0)",2
314,"(380, 136)","(472, 274)","(328, 380)","(0, 0)","(0, 0)","(0, 0)","(0, 0)","(0, 0)","(0, 0)",2
315,"(379, 135)","(472, 274)","(328, 380)","(0, 0)","(0, 0)","(0, 0)","(0, 0)","(0, 0)","(0, 0)",2
316,"(380, 136)","(472, 274)","(328, 380)","(0, 0)","(0, 0)","(0, 0)","(0, 0)","(0, 0)","(0, 0)",2
317,"(380, 136)","(472, 274)","(328, 380)","(0, 0)","(0, 0)","(0, 0)","(0, 0)","(0, 0)","(0, 0)",2
318,"(381, 138)","(472, 274)","(328, 380)","(0, 0)","(0, 0)","(0, 0)","(0, 0)","(0, 0)","(0, 0)",2
319,"(381, 138)","(472, 274)","(328, 380)","(0, 0)","(0, 0)","(0, 0)","(0, 0)","(0, 0)","(0, 0)",2
320,"(381, 138)","(470, 271)","(328, 380)","(0, 0)","(0, 0)","(0, 0)","(0, 0)","(0, 0)","(0, 0)",2
321,"(380, 137)","(471, 273)","(328, 381)","(0, 0)","(0, 0)","(0, 0)","(0, 0)","(0, 0)","(0, 0)",2
322,"(380, 138)","(471, 273)","(328, 382)","(0, 0)","(0, 0)","(0, 0)","(0, 0)","(0, 0)","(0, 0)",2
323,"(379, 137)","(471, 273)","(328, 382)","(0, 0)","(0, 0)","(0, 0)","(0, 0)","(0, 0)","(0, 0)",2
324,"(379, 137)","(471, 273)","(328, 382)","(0, 0)","(0, 0)","(0, 0)","(0, 0)","(0, 0)","(0, 0)",2
325,"(379, 137)","(471, 273)","(328, 382)","(0, 0)","(0, 0)","(0, 0)","(0, 0)","(0, 0)","(0, 0)",2
326,"(378, 136)","(471, 273)","(328, 382)","(0, 0)","(0, 0)","(0, 0)","(0, 0)","(0, 0)","(0, 0)",2
327,"(379, 138)","(471, 273)","(328, 382)","(0, 0)","(0, 0)","(0, 0)","(0, 0)","(0, 0)","(0, 0)",2
328,"(379, 138)","(471, 273)","(329, 384)","(0, 0)","(0, 0)","(0, 0)","(0, 0)","(0, 0)","(0, 0)",2
329,"(378, 137)","(471, 273)","(328, 383)","(0, 0)","(0, 0)","(0, 0)","(0, 0)","(0, 0)","(0, 0)",2
330,"(377, 136)","(471, 273)","(193, 455)","(329, 384)","(0, 0)","(0, 0)","(0, 0)","(0, 0)","(0, 0)",2
331,"(379, 139)","(470, 271)","(329, 384)","(0, 0)","(0, 0)","(0, 0)","(0, 0)","(0, 0)","(0, 0)",2
332,"(378, 137)","(471, 272)","(329, 383)","(0, 0)","(0, 0)","(0, 0)","(0, 0)","(0, 0)","(0, 0)",2
333,"(377, 136)","(471, 272)","(147, 598)","(330, 384)","(0, 0)","(0, 0)","(0, 0)","(0, 0)","(0, 0)",2
334,"(377, 136)","(470, 270)","(330, 384)","(0, 0)","(0, 0)","(0, 0)","(0, 0)","(0, 0)","(0, 0)",2
335,"(378, 138)","(471, 271)","(330, 384)","(0, 0)","(0, 0)","(0, 0)","(0, 0)","(0, 0)","(0, 0)",2
336,"(376, 137)","(471, 271)","(330, 385)","(0, 0)","(0, 0)","(0, 0)","(0, 0)","(0, 0)","(0, 0)",2
337,"(377, 139)","(471, 270)","(330, 385)","(0, 0)","(0, 0)","(0, 0)","(0, 0)","(0, 0)","(0, 0)",2
338,"(377, 140)","(469, 267)","(331, 386)","(0, 0)","(0, 0)","(0, 0)","(0, 0)","(0, 0)","(0, 0)",2
339,"(377, 141)","(470, 268)","(331, 386)","(0, 0)","(0, 0)","(0, 0)","(0, 0)","(0, 0)","(0, 0)",2
340,"(375, 139)","(471, 269)","(331, 385)","(0, 0)","(0, 0)","(0, 0)","(0, 0)","(0, 0)","(0, 0)",2
341,"(376, 141)","(471, 268)","(201, 463)","(331, 385)","(0, 0)","(0, 0)","(0, 0)","(0, 0)","(0, 0)",2
342,"(376, 142)","(471, 268)","(332, 387)","(0, 0)","(0, 0)","(0, 0)","(0, 0)","(0, 0)","(0, 0)",2
343,"(375, 142)","(470, 267)","(332, 388)","(0, 0)","(0, 0)","(0, 0)","(0, 0)","(0, 0)","(0, 0)",2
344,"(373, 142)","(471, 269)","(332, 389)","(0, 0)","(0, 0)","(0, 0)","(0, 0)","(0, 0)","(0, 0)",2
345,"(373, 144)","(471, 269)","(207, 465)","(332, 390)","(0, 0)","(0, 0)","(0, 0)","(0, 0)","(0, 0)",2
346,"(372, 145)","(471, 269)","(332, 391)","(0, 0)","(0, 0)","(0, 0)","(0, 0)","(0, 0)","(0, 0)",2
347,"(369, 143)","(471, 269)","(333, 393)","(0, 0)","(0, 0)","(0, 0)","(0, 0)","(0, 0)","(0, 0)",2
348,"(371, 147)","(469, 266)","(332, 392)","(0, 0)","(0, 0)","(0, 0)","(0, 0)","(0, 0)","(0, 0)",2
349,"(370, 148)","(469, 266)","(332, 393)","(0, 0)","(0, 0)","(0, 0)","(0, 0)","(0, 0)","(0, 0)",2
350,"(369, 148)","(469, 266)","(333, 395)","(0, 0)","(0, 0)","(0, 0)","(0, 0)","(0, 0)","(0, 0)",2
351,"(365, 147)","(469, 266)","(334, 398)","(0, 0)","(0, 0)","(0, 0)","(0, 0)","(0, 0)","(0, 0)",2
352,"(365, 148)","(469, 266)","(332, 395)","(0, 0)","(0, 0)","(0, 0)","(0, 0)","(0, 0)","(0, 0)",2
353,"(364, 147)","(470, 267)","(333, 396)","(0, 0)","(0, 0)","(0, 0)","(0, 0)","(0, 0)","(0, 0)",2
354,"(365, 148)","(468, 264)","(334, 397)","(0, 0)","(0, 0)","(0, 0)","(0, 0)","(0, 0)","(0, 0)",2
355,"(366, 149)","(469, 265)","(333, 395)","(0, 0)","(0, 0)","(0, 0)","(0, 0)","(0, 0)","(0, 0)",2
356,"(367, 150)","(470, 266)","(334, 396)","(0, 0)","(0, 0)","(0, 0)","(0, 0)","(0, 0)","(0, 0)",2
357,"(366, 149)","(468, 263)","(215, 461)","(332, 393)","(0, 0)","(0, 0)","(0, 0)","(0, 0)","(0, 0)",2
358,"(366, 149)","(470, 265)","(333, 394)","(0, 0)","(0, 0)","(0, 0)","(0, 0)","(0, 0)","(0, 0)",2
359,"(366, 149)","(469, 263)","(214, 461)","(332, 393)","(0, 0)","(0, 0)","(0, 0)","(0, 0)","(0, 0)",2
360,"(366, 149)","(466, 257)","(333, 394)","(0, 0)","(0, 0)","(0, 0)","(0, 0)","(0, 0)","(0, 0)",2
361,"(365, 148)","(468, 260)","(332, 393)","(0, 0)","(0, 0)","(0, 0)","(0, 0)","(0, 0)","(0, 0)",2
362,"(365, 148)","(468, 260)","(333, 395)","(0, 0)","(0, 0)","(0, 0)","(0, 0)","(0, 0)","(0, 0)",2
363,"(363, 146)","(468, 260)","(334, 396)","(0, 0)","(0, 0)","(0, 0)","(0, 0)","(0, 0)","(0, 0)",2
364,"(365, 149)","(468, 260)","(333, 395)","(0, 0)","(0, 0)","(0, 0)","(0, 0)","(0, 0)","(0, 0)",2
365,"(363, 147)","(468, 260)","(332, 394)","(0, 0)","(0, 0)","(0, 0)","(0, 0)","(0, 0)","(0, 0)",2
366,"(361, 147)","(465, 255)","(333, 397)","(0, 0)","(0, 0)","(0, 0)","(0, 0)","(0, 0)","(0, 0)",2
367,"(361, 149)","(465, 255)","(331, 395)","(0, 0)","(0, 0)","(0, 0)","(0, 0)","(0, 0)","(0, 0)",2
368,"(360, 149)","(465, 255)","(330, 395)","(0, 0)","(0, 0)","(0, 0)","(0, 0)","(0, 0)","(0, 0)",2
369,"(355, 145)","(465, 255)","(334, 399)","(0, 0)","(0, 0)","(0, 0)","(0, 0)","(0, 0)","(0, 0)",2
370,"(354, 145)","(460, 249)","(334, 399)","(0, 0)","(0, 0)","(0, 0)","(0, 0)","(0, 0)","(0, 0)",2
371,"(354, 145)","(460, 249)","(334, 399)","(0, 0)","(0, 0)","(0, 0)","(0, 0)","(0, 0)","(0, 0)",2
372,"(355, 146)","(459, 248)","(334, 399)","(0, 0)","(0, 0)","(0, 0)","(0, 0)","(0, 0)","(0, 0)",2
373,"(354, 146)","(461, 249)","(334, 399)","(0, 0)","(0, 0)","(0, 0)","(0, 0)","(0, 0)","(0, 0)",2
374,"(351, 145)","(458, 243)","(332, 398)","(0, 0)","(0, 0)","(0, 0)","(0, 0)","(0, 0)","(0, 0)",2
375,"(350, 145)","(457, 242)","(333, 399)","(0, 0)","(0, 0)","(0, 0)","(0, 0)","(0, 0)","(0, 0)",2
376,"(351, 147)","(457, 242)","(334, 400)","(0, 0)","(0, 0)","(0, 0)","(0, 0)","(0, 0)","(0, 0)",2
377,"(348, 146)","(458, 243)","(334, 401)","(0, 0)","(0, 0)","(0, 0)","(0, 0)","(0, 0)","(0, 0)",2
378,"(347, 147)","(456, 240)","(332, 401)","(0, 0)","(0, 0)","(0, 0)","(0, 0)","(0, 0)","(0, 0)",2
379,"(346, 147)","(457, 241)","(333, 402)","(0, 0)","(0, 0)","(0, 0)","(0, 0)","(0, 0)","(0, 0)",2
380,"(345, 147)","(455, 239)","(333, 402)","(464, 265)","(0, 0)","(0, 0)","(0, 0)","(0, 0)","(0, 0)",2
381,"(345, 148)","(455, 238)","(333, 402)","(0, 0)","(0, 0)","(0, 0)","(0, 0)","(0, 0)","(0, 0)",2
382,"(344, 147)","(455, 237)","(334, 402)","(0, 0)","(0, 0)","(0, 0)","(0, 0)","(0, 0)","(0, 0)",2
383,"(345, 148)","(454, 236)","(336, 404)","(0, 0)","(0, 0)","(0, 0)","(0, 0)","(0, 0)","(0, 0)",2
384,"(346, 149)","(454, 233)","(335, 403)","(0, 0)","(0, 0)","(0, 0)","(0, 0)","(0, 0)","(0, 0)",2
385,"(344, 148)","(455, 232)","(337, 404)","(0, 0)","(0, 0)","(0, 0)","(0, 0)","(0, 0)","(0, 0)",2
386,"(344, 148)","(453, 228)","(337, 404)","(0, 0)","(0, 0)","(0, 0)","(0, 0)","(0, 0)","(0, 0)",2
387,"(345, 149)","(455, 229)","(338, 405)","(0, 0)","(0, 0)","(0, 0)","(0, 0)","(0, 0)","(0, 0)",2
388,"(343, 148)","(455, 229)","(337, 404)","(0, 0)","(0, 0)","(0, 0)","(0, 0)","(0, 0)","(0, 0)",2
389,"(341, 148)","(447, 218)","(334, 403)","(0, 0)","(0, 0)","(0, 0)","(0, 0)","(0, 0)","(0, 0)",2
390,"(340, 148)","(447, 218)","(335, 404)","(0, 0)","(0, 0)","(0, 0)","(0, 0)","(0, 0)","(0, 0)",2
391,"(338, 148)","(444, 215)","(334, 405)","(0, 0)","(0, 0)","(0, 0)","(0, 0)","(0, 0)","(0, 0)",2
392,"(335, 148)","(441, 212)","(332, 405)","(0, 0)","(0, 0)","(0, 0)","(0, 0)","(0, 0)","(0, 0)",2
393,"(333, 149)","(440, 210)","(332, 406)","(0, 0)","(0, 0)","(0, 0)","(0, 0)","(0, 0)","(0, 0)",2
394,"(330, 149)","(439, 209)","(331, 407)","(0, 0)","(0, 0)","(0, 0)","(0, 0)","(0, 0)","(0, 0)",2
395,"(327, 149)","(437, 207)","(330, 407)","(0, 0)","(0, 0)","(0, 0)","(0, 0)","(0, 0)","(0, 0)",2
396,"(323, 149)","(435, 205)","(332, 408)","(0, 0)","(0, 0)","(0, 0)","(0, 0)","(0, 0)","(0, 0)",2
397,"(323, 150)","(433, 204)","(331, 408)","(0, 0)","(0, 0)","(0, 0)","(0, 0)","(0, 0)","(0, 0)",2
398,"(319, 149)","(431, 201)","(331, 408)","(0, 0)","(0, 0)","(0, 0)","(0, 0)","(0, 0)","(0, 0)",2
399,"(320, 150)","(430, 200)","(329, 407)","(0, 0)","(0, 0)","(0, 0)","(0, 0)","(0, 0)","(0, 0)",2
400,"(317, 149)","(431, 200)","(329, 407)","(0, 0)","(0, 0)","(0, 0)","(0, 0)","(0, 0)","(0, 0)",2
401,"(317, 150)","(430, 200)","(328, 407)","(0, 0)","(0, 0)","(0, 0)","(0, 0)","(0, 0)","(0, 0)",2
402,"(315, 150)","(427, 196)","(330, 408)","(0, 0)","(0, 0)","(0, 0)","(0, 0)","(0, 0)","(0, 0)",2
403,"(312, 150)","(428, 196)","(329, 408)","(0, 0)","(0, 0)","(0, 0)","(0, 0)","(0, 0)","(0, 0)",2
404,"(311, 150)","(427, 196)","(328, 408)","(0, 0)","(0, 0)","(0, 0)","(0, 0)","(0, 0)","(0, 0)",2
405,"(313, 151)","(427, 197)","(328, 408)","(0, 0)","(0, 0)","(0, 0)","(0, 0)","(0, 0)","(0, 0)",2
406,"(311, 150)","(429, 198)","(327, 407)","(0, 0)","(0, 0)","(0, 0)","(0, 0)","(0, 0)","(0, 0)",2
407,"(309, 149)","(429, 198)","(327, 406)","(0, 0)","(0, 0)","(0, 0)","(0, 0)","(0, 0)","(0, 0)",2
408,"(309, 149)","(428, 197)","(328, 406)","(0, 0)","(0, 0)","(0, 0)","(0, 0)","(0, 0)","(0, 0)",2
409,"(309, 149)","(427, 196)","(327, 405)","(0, 0)","(0, 0)","(0, 0)","(0, 0)","(0, 0)","(0, 0)",2
410,"(309, 149)","(428, 196)","(327, 405)","(0, 0)","(0, 0)","(0, 0)","(0, 0)","(0, 0)","(0, 0)",2
411,"(307, 149)","(427, 194)","(328, 405)","(0, 0)","(0, 0)","(0, 0)","(0, 0)","(0, 0)","(0, 0)",2
412,"(307, 149)","(428, 193)","(327, 404)","(0, 0)","(0, 0)","(0, 0)","(0, 0)","(0, 0)","(0, 0)",2
413,"(307, 149)","(428, 192)","(328, 404)","(0, 0)","(0, 0)","(0, 0)","(0, 0)","(0, 0)","(0, 0)",2
414,"(304, 149)","(428, 191)","(330, 405)","(0, 0)","(0, 0)","(0, 0)","(0, 0)","(0, 0)","(0, 0)",2
415,"(304, 151)","(427, 190)","(329, 405)","(0, 0)","(0, 0)","(0, 0)","(0, 0)","(0, 0)","(0, 0)",2
416,"(303, 151)","(423, 186)","(328, 405)","(0, 0)","(0, 0)","(0, 0)","(0, 0)","(0, 0)","(0, 0)",2
417,"(300, 152)","(421, 184)","(328, 406)","(0, 0)","(0, 0)","(0, 0)","(0, 0)","(0, 0)","(0, 0)",2
418,"(297, 153)","(418, 182)","(329, 407)","(0, 0)","(0, 0)","(0, 0)","(0, 0)","(0, 0)","(0, 0)",2
419,"(293, 154)","(417, 180)","(326, 407)","(0, 0)","(0, 0)","(0, 0)","(0, 0)","(0, 0)","(0, 0)",2
420,"(295, 156)","(414, 178)","(326, 408)","(0, 0)","(0, 0)","(0, 0)","(0, 0)","(0, 0)","(0, 0)",2
421,"(293, 157)","(412, 177)","(328, 409)","(0, 0)","(0, 0)","(0, 0)","(0, 0)","(0, 0)","(0, 0)",2
422,"(291, 158)","(410, 176)","(325, 409)","(0, 0)","(0, 0)","(0, 0)","(0, 0)","(0, 0)","(0, 0)",2
423,"(290, 159)","(410, 176)","(326, 410)","(0, 0)","(0, 0)","(0, 0)","(0, 0)","(0, 0)","(0, 0)",2
424,"(289, 160)","(410, 176)","(325, 410)","(0, 0)","(0, 0)","(0, 0)","(0, 0)","(0, 0)","(0, 0)",2
425,"(286, 161)","(408, 175)","(325, 411)","(0, 0)","(0, 0)","(0, 0)","(0, 0)","(0, 0)","(0, 0)",2
426,"(287, 163)","(409, 175)","(326, 411)","(0, 0)","(0, 0)","(0, 0)","(0, 0)","(0, 0)","(0, 0)",2
427,"(286, 163)","(410, 174)","(325, 410)","(0, 0)","(0, 0)","(0, 0)","(0, 0)","(0, 0)","(0, 0)",2
428,"(287, 163)","(410, 173)","(326, 409)","(0, 0)","(0, 0)","(0, 0)","(0, 0)","(0, 0)","(0, 0)",2
429,"(288, 163)","(410, 171)","(327, 408)","(0, 0)","(0, 0)","(0, 0)","(0, 0)","(0, 0)","(0, 0)",2
430,"(286, 162)","(410, 169)","(328, 407)","(0, 0)","(0, 0)","(0, 0)","(0, 0)","(0, 0)","(0, 0)",2
431,"(287, 162)","(406, 167)","(331, 407)","(0, 0)","(0, 0)","(0, 0)","(0, 0)","(0, 0)","(0, 0)",2
432,"(287, 162)","(409, 167)","(329, 406)","(0, 0)","(0, 0)","(0, 0)","(0, 0)","(0, 0)","(0, 0)",2
433,"(285, 161)","(408, 165)","(329, 404)","(0, 0)","(0, 0)","(0, 0)","(0, 0)","(0, 0)","(0, 0)",2
434,"(287, 160)","(409, 162)","(329, 402)","(0, 0)","(0, 0)","(0, 0)","(0, 0)","(0, 0)","(0, 0)",2
435,"(286, 159)","(408, 160)","(332, 402)","(0, 0)","(0, 0)","(0, 0)","(0, 0)","(0, 0)","(0, 0)",2
436,"(282, 159)","(406, 159)","(332, 402)","(0, 0)","(0, 0)","(0, 0)","(0, 0)","(0, 0)","(0, 0)",2
437,"(281, 159)","(399, 157)","(332, 401)","(0, 0)","(0, 0)","(0, 0)","(0, 0)","(0, 0)","(0, 0)",2
438,"(278, 159)","(397, 154)","(333, 400)","(0, 0)","(0, 0)","(0, 0)","(0, 0)","(0, 0)","(0, 0)",2
439,"(277, 159)","(399, 153)","(332, 400)","(0, 0)","(0, 0)","(0, 0)","(0, 0)","(0, 0)","(0, 0)",2
440,"(275, 160)","(395, 152)","(331, 400)","(0, 0)","(0, 0)","(0, 0)","(0, 0)","(0, 0)","(0, 0)",2
441,"(275, 160)","(395, 151)","(329, 400)","(0, 0)","(0, 0)","(0, 0)","(0, 0)","(0, 0)","(0, 0)",2
442,"(273, 161)","(394, 151)","(332, 399)","(0, 0)","(0, 0)","(0, 0)","(0, 0)","(0, 0)","(0, 0)",2
443,"(273, 161)","(394, 151)","(331, 399)","(0, 0)","(0, 0)","(0, 0)","(0, 0)","(0, 0)","(0, 0)",2
444,"(273, 161)","(393, 150)","(330, 399)","(0, 0)","(0, 0)","(0, 0)","(0, 0)","(0, 0)","(0, 0)",2
445,"(270, 161)","(390, 147)","(328, 399)","(0, 0)","(0, 0)","(0, 0)","(0, 0)","(0, 0)","(0, 0)",2
446,"(269, 161)","(386, 146)","(327, 399)","(0, 0)","(0, 0)","(0, 0)","(0, 0)","(0, 0)","(0, 0)",2
447,"(269, 161)","(387, 145)","(326, 399)","(0, 0)","(0, 0)","(0, 0)","(0, 0)","(0, 0)","(0, 0)",2
448,"(269, 161)","(387, 145)","(326, 399)","(0, 0)","(0, 0)","(0, 0)","(0, 0)","(0, 0)","(0, 0)",2
449,"(267, 162)","(385, 145)","(326, 399)","(0, 0)","(0, 0)","(0, 0)","(0, 0)","(0, 0)","(0, 0)",2
450,"(262, 164)","(383, 142)","(324, 399)","(0, 0)","(0, 0)","(0, 0)","(0, 0)","(0, 0)","(0, 0)",2
451,"(260, 165)","(378, 141)","(324, 399)","(0, 0)","(0, 0)","(0, 0)","(0, 0)","(0, 0)","(0, 0)",2
452,"(263, 165)","(378, 141)","(324, 399)","(0, 0)","(0, 0)","(0, 0)","(0, 0)","(0, 0)","(0, 0)",2
453,"(259, 166)","(377, 141)","(322, 400)","(0, 0)","(0, 0)","(0, 0)","(0, 0)","(0, 0)","(0, 0)",2
454,"(258, 167)","(375, 139)","(321, 400)","(0, 0)","(0, 0)","(0, 0)","(0, 0)","(0, 0)","(0, 0)",2
455,"(256, 168)","(370, 139)","(320, 400)","(0, 0)","(0, 0)","(0, 0)","(0, 0)","(0, 0)","(0, 0)",2
456,"(253, 170)","(372, 138)","(320, 400)","(0, 0)","(0, 0)","(0, 0)","(0, 0)","(0, 0)","(0, 0)",2
457,"(251, 171)","(368, 138)","(320, 400)","(0, 0)","(0, 0)","(0, 0)","(0, 0)","(0, 0)","(0, 0)",2
458,"(251, 172)","(370, 137)","(319, 400)","(0, 0)","(0, 0)","(0, 0)","(0, 0)","(0, 0)","(0, 0)",2
459,"(251, 173)","(369, 137)","(320, 400)","(0, 0)","(0, 0)","(0, 0)","(0, 0)","(0, 0)","(0, 0)",2
460,"(250, 174)","(369, 137)","(320, 400)","(0, 0)","(0, 0)","(0, 0)","(0, 0)","(0, 0)","(0, 0)",2
461,"(247, 177)","(365, 136)","(319, 401)","(0, 0)","(0, 0)","(0, 0)","(0, 0)","(0, 0)","(0, 0)",2
462,"(247, 177)","(365, 136)","(319, 401)","(0, 0)","(0, 0)","(0, 0)","(0, 0)","(0, 0)","(0, 0)",2
463,"(247, 177)","(364, 136)","(318, 401)","(0, 0)","(0, 0)","(0, 0)","(0, 0)","(0, 0)","(0, 0)",2
464,"(247, 177)","(364, 136)","(317, 401)","(0, 0)","(0, 0)","(0, 0)","(0, 0)","(0, 0)","(0, 0)",2
465,"(245, 178)","(362, 135)","(317, 401)","(0, 0)","(0, 0)","(0, 0)","(0, 0)","(0, 0)","(0, 0)",2
466,"(245, 178)","(361, 134)","(316, 401)","(0, 0)","(0, 0)","(0, 0)","(0, 0)","(0, 0)","(0, 0)",2
467,"(244, 178)","(358, 135)","(317, 400)","(0, 0)","(0, 0)","(0, 0)","(0, 0)","(0, 0)","(0, 0)",2
468,"(244, 178)","(360, 134)","(316, 400)","(0, 0)","(0, 0)","(0, 0)","(0, 0)","(0, 0)","(0, 0)",2
469,"(241, 179)","(356, 132)","(316, 399)","(0, 0)","(0, 0)","(0, 0)","(0, 0)","(0, 0)","(0, 0)",2
470,"(239, 180)","(354, 131)","(314, 400)","(0, 0)","(0, 0)","(0, 0)","(0, 0)","(0, 0)","(0, 0)",2
471,"(238, 181)","(353, 131)","(313, 400)","(0, 0)","(0, 0)","(0, 0)","(0, 0)","(0, 0)","(0, 0)",2
472,"(237, 182)","(351, 130)","(314, 400)","(0, 0)","(0, 0)","(0, 0)","(0, 0)","(0, 0)","(0, 0)",2
473,"(236, 183)","(349, 130)","(313, 400)","(0, 0)","(0, 0)","(0, 0)","(0, 0)","(0, 0)","(0, 0)",2
474,"(235, 184)","(351, 129)","(312, 401)","(0, 0)","(0, 0)","(0, 0)","(0, 0)","(0, 0)","(0, 0)",2
475,"(234, 185)","(349, 130)","(312, 401)","(0, 0)","(0, 0)","(0, 0)","(0, 0)","(0, 0)","(0, 0)",2
476,"(235, 185)","(349, 129)","(312, 401)","(0, 0)","(0, 0)","(0, 0)","(0, 0)","(0, 0)","(0, 0)",2
477,"(230, 188)","(343, 131)","(312, 401)","(0, 0)","(0, 0)","(0, 0)","(0, 0)","(0, 0)","(0, 0)",2
478,"(230, 188)","(343, 131)","(312, 401)","(0, 0)","(0, 0)","(0, 0)","(0, 0)","(0, 0)","(0, 0)",2
479,"(231, 187)","(347, 129)","(312, 401)","(0, 0)","(0, 0)","(0, 0)","(0, 0)","(0, 0)","(0, 0)",2
480,"(230, 187)","(343, 130)","(310, 401)","(0, 0)","(0, 0)","(0, 0)","(0, 0)","(0, 0)","(0, 0)",2
481,"(227, 188)","(340, 128)","(308, 402)","(0, 0)","(0, 0)","(0, 0)","(0, 0)","(0, 0)","(0, 0)",2
482,"(225, 189)","(338, 129)","(308, 401)","(0, 0)","(0, 0)","(0, 0)","(0, 0)","(0, 0)","(0, 0)",2
483,"(225, 189)","(338, 128)","(308, 401)","(0, 0)","(0, 0)","(0, 0)","(0, 0)","(0, 0)","(0, 0)",2
484,"(224, 189)","(337, 128)","(308, 401)","(0, 0)","(0, 0)","(0, 0)","(0, 0)","(0, 0)","(0, 0)",2
485,"(223, 190)","(335, 129)","(306, 402)","(0, 0)","(0, 0)","(0, 0)","(0, 0)","(0, 0)","(0, 0)",2
486,"(222, 191)","(335, 127)","(306, 402)","(0, 0)","(0, 0)","(0, 0)","(0, 0)","(0, 0)","(0, 0)",2
487,"(218, 194)","(330, 128)","(305, 403)","(0, 0)","(0, 0)","(0, 0)","(0, 0)","(0, 0)","(0, 0)",2
488,"(218, 194)","(327, 128)","(304, 403)","(0, 0)","(0, 0)","(0, 0)","(0, 0)","(0, 0)","(0, 0)",2
489,"(218, 194)","(327, 128)","(303, 403)","(0, 0)","(0, 0)","(0, 0)","(0, 0)","(0, 0)","(0, 0)",2
490,"(217, 195)","(329, 126)","(304, 402)","(0, 0)","(0, 0)","(0, 0)","(0, 0)","(0, 0)","(0, 0)",2
491,"(216, 196)","(326, 126)","(304, 402)","(0, 0)","(0, 0)","(0, 0)","(0, 0)","(0, 0)","(0, 0)",2
492,"(216, 196)","(326, 126)","(303, 402)","(0, 0)","(0, 0)","(0, 0)","(0, 0)","(0, 0)","(0, 0)",2
493,"(215, 197)","(324, 127)","(303, 402)","(0, 0)","(0, 0)","(0, 0)","(0, 0)","(0, 0)","(0, 0)",2
494,"(215, 197)","(325, 126)","(302, 402)","(0, 0)","(0, 0)","(0, 0)","(0, 0)","(0, 0)","(0, 0)",2
495,"(215, 197)","(325, 126)","(303, 401)","(0, 0)","(0, 0)","(0, 0)","(0, 0)","(0, 0)","(0, 0)",2
496,"(215, 197)","(324, 125)","(304, 400)","(0, 0)","(0, 0)","(0, 0)","(0, 0)","(0, 0)","(0, 0)",2
497,"(213, 198)","(324, 124)","(303, 400)","(0, 0)","(0, 0)","(0, 0)","(0, 0)","(0, 0)","(0, 0)",2
498,"(214, 198)","(324, 124)","(302, 401)","(0, 0)","(0, 0)","(0, 0)","(0, 0)","(0, 0)","(0, 0)",2
499,"(212, 200)","(324, 124)","(302, 401)","(0, 0)","(0, 0)","(0, 0)","(0, 0)","(0, 0)","(0, 0)",2
500,"(211, 202)","(319, 124)","(301, 402)","(0, 0)","(0, 0)","(0, 0)","(0, 0)","(0, 0)","(0, 0)",2
501,"(210, 203)","(318, 125)","(302, 401)","(0, 0)","(0, 0)","(0, 0)","(0, 0)","(0, 0)","(0, 0)",2
502,"(210, 203)","(320, 123)","(300, 402)","(0, 0)","(0, 0)","(0, 0)","(0, 0)","(0, 0)","(0, 0)",2
503,"(207, 206)","(313, 126)","(300, 402)","(0, 0)","(0, 0)","(0, 0)","(0, 0)","(0, 0)","(0, 0)",2
504,"(206, 207)","(314, 125)","(300, 402)","(0, 0)","(0, 0)","(0, 0)","(0, 0)","(0, 0)","(0, 0)",2
505,"(206, 208)","(314, 125)","(300, 402)","(0, 0)","(0, 0)","(0, 0)","(0, 0)","(0, 0)","(0, 0)",2
506,"(206, 209)","(314, 125)","(299, 403)","(0, 0)","(0, 0)","(0, 0)","(0, 0)","(0, 0)","(0, 0)",2
507,"(204, 212)","(314, 125)","(300, 404)","(0, 0)","(0, 0)","(0, 0)","(0, 0)","(0, 0)","(0, 0)",2
508,"(206, 213)","(314, 125)","(301, 405)","(0, 0)","(0, 0)","(0, 0)","(0, 0)","(0, 0)","(0, 0)",2
509,"(204, 217)","(314, 125)","(303, 405)","(0, 0)","(0, 0)","(0, 0)","(0, 0)","(0, 0)","(0, 0)",2
510,"(207, 217)","(314, 125)","(305, 405)","(0, 0)","(0, 0)","(0, 0)","(0, 0)","(0, 0)","(0, 0)",2
511,"(208, 218)","(314, 125)","(307, 405)","(0, 0)","(0, 0)","(0, 0)","(0, 0)","(0, 0)","(0, 0)",2
512,"(205, 222)","(314, 125)","(308, 405)","(0, 0)","(0, 0)","(0, 0)","(0, 0)","(0, 0)","(0, 0)",2
513,"(207, 221)","(313, 126)","(310, 404)","(0, 0)","(0, 0)","(0, 0)","(0, 0)","(0, 0)","(0, 0)",2
514,"(207, 221)","(315, 124)","(308, 405)","(0, 0)","(0, 0)","(0, 0)","(0, 0)","(0, 0)","(0, 0)",2
515,"(207, 222)","(314, 124)","(309, 404)","(0, 0)","(0, 0)","(0, 0)","(0, 0)","(0, 0)","(0, 0)",2
516,"(205, 225)","(315, 123)","(309, 405)","(0, 0)","(0, 0)","(0, 0)","(0, 0)","(0, 0)","(0, 0)",2
517,"(204, 228)","(315, 123)","(310, 406)","(0, 0)","(0, 0)","(0, 0)","(0, 0)","(0, 0)","(0, 0)",2
518,"(208, 228)","(314, 124)","(311, 407)","(0, 0)","(0, 0)","(0, 0)","(0, 0)","(0, 0)","(0, 0)",2
519,"(204, 234)","(313, 125)","(316, 405)","(0, 0)","(0, 0)","(0, 0)","(0, 0)","(0, 0)","(0, 0)",2
520,"(204, 237)","(308, 131)","(317, 405)","(0, 0)","(0, 0)","(0, 0)","(0, 0)","(0, 0)","(0, 0)",2
521,"(205, 237)","(308, 131)","(317, 406)","(0, 0)","(0, 0)","(0, 0)","(0, 0)","(0, 0)","(0, 0)",2
522,"(203, 240)","(308, 131)","(317, 406)","(0, 0)","(0, 0)","(0, 0)","(0, 0)","(0, 0)","(0, 0)",2
523,"(205, 237)","(308, 131)","(316, 406)","(0, 0)","(0, 0)","(0, 0)","(0, 0)","(0, 0)","(0, 0)",2
524,"(203, 239)","(307, 131)","(316, 406)","(0, 0)","(0, 0)","(0, 0)","(0, 0)","(0, 0)","(0, 0)",2
525,"(204, 238)","(302, 132)","(315, 408)","(0, 0)","(0, 0)","(0, 0)","(0, 0)","(0, 0)","(0, 0)",2
526,"(204, 238)","(302, 132)","(238, 416)","(316, 406)","(0, 0)","(0, 0)","(0, 0)","(0, 0)","(0, 0)",2
527,"(202, 241)","(303, 131)","(316, 406)","(0, 0)","(0, 0)","(0, 0)","(0, 0)","(0, 0)","(0, 0)",2
528,"(202, 241)","(302, 132)","(315, 407)","(0, 0)","(0, 0)","(0, 0)","(0, 0)","(0, 0)","(0, 0)",2
529,"(202, 241)","(301, 133)","(316, 406)","(0, 0)","(0, 0)","(0, 0)","(0, 0)","(0, 0)","(0, 0)",2
530,"(201, 242)","(300, 130)","(316, 405)","(0, 0)","(0, 0)","(0, 0)","(0, 0)","(0, 0)","(0, 0)",2
531,"(201, 242)","(299, 131)","(316, 405)","(0, 0)","(0, 0)","(0, 0)","(0, 0)","(0, 0)","(0, 0)",2
532,"(201, 242)","(299, 130)","(316, 404)","(0, 0)","(0, 0)","(0, 0)","(0, 0)","(0, 0)","(0, 0)",2
533,"(202, 241)","(299, 129)","(317, 403)","(0, 0)","(0, 0)","(0, 0)","(0, 0)","(0, 0)","(0, 0)",2
534,"(200, 244)","(299, 129)","(317, 403)","(0, 0)","(0, 0)","(0, 0)","(0, 0)","(0, 0)","(0, 0)",2
535,"(200, 245)","(299, 129)","(317, 404)","(0, 0)","(0, 0)","(0, 0)","(0, 0)","(0, 0)","(0, 0)",2
536,"(199, 246)","(299, 129)","(317, 404)","(0, 0)","(0, 0)","(0, 0)","(0, 0)","(0, 0)","(0, 0)",2
537,"(200, 245)","(299, 129)","(317, 404)","(0, 0)","(0, 0)","(0, 0)","(0, 0)","(0, 0)","(0, 0)",2
538,"(200, 245)","(296, 130)","(316, 405)","(0, 0)","(0, 0)","(0, 0)","(0, 0)","(0, 0)","(0, 0)",2
539,"(200, 246)","(295, 131)","(316, 406)","(0, 0)","(0, 0)","(0, 0)","(0, 0)","(0, 0)","(0, 0)",2
540,"(198, 250)","(296, 130)","(316, 407)","(0, 0)","(0, 0)","(0, 0)","(0, 0)","(0, 0)","(0, 0)",2
541,"(198, 251)","(296, 130)","(316, 408)","(0, 0)","(0, 0)","(0, 0)","(0, 0)","(0, 0)","(0, 0)",2
542,"(198, 252)","(296, 130)","(316, 409)","(0, 0)","(0, 0)","(0, 0)","(0, 0)","(0, 0)","(0, 0)",2
543,"(198, 252)","(294, 133)","(316, 409)","(0, 0)","(0, 0)","(0, 0)","(0, 0)","(0, 0)","(0, 0)",2
544,"(197, 253)","(294, 133)","(316, 409)","(0, 0)","(0, 0)","(0, 0)","(0, 0)","(0, 0)","(0, 0)",2
545,"(196, 255)","(294, 133)","(316, 409)","(0, 0)","(0, 0)","(0, 0)","(0, 0)","(0, 0)","(0, 0)",2
546,"(198, 253)","(293, 134)","(316, 409)","(0, 0)","(0, 0)","(0, 0)","(0, 0)","(0, 0)","(0, 0)",2
547,"(195, 257)","(292, 133)","(316, 410)","(0, 0)","(0, 0)","(0, 0)","(0, 0)","(0, 0)","(0, 0)",2
548,"(195, 258)","(292, 133)","(316, 411)","(0, 0)","(0, 0)","(0, 0)","(0, 0)","(0, 0)","(0, 0)",2
549,"(197, 258)","(289, 136)","(316, 412)","(0, 0)","(0, 0)","(0, 0)","(0, 0)","(0, 0)","(0, 0)",2
550,"(196, 260)","(289, 136)","(317, 411)","(0, 0)","(0, 0)","(0, 0)","(0, 0)","(0, 0)","(0, 0)",2
551,"(196, 260)","(290, 134)","(317, 411)","(0, 0)","(0, 0)","(0, 0)","(0, 0)","(0, 0)","(0, 0)",2
552,"(194, 263)","(289, 135)","(317, 411)","(492, 598)","(0, 0)","(0, 0)","(0, 0)","(0, 0)","(0, 0)",2
553,"(194, 263)","(289, 135)","(317, 411)","(0, 0)","(0, 0)","(0, 0)","(0, 0)","(0, 0)","(0, 0)",2
554,"(194, 263)","(290, 133)","(318, 410)","(0, 0)","(0, 0)","(0, 0)","(0, 0)","(0, 0)","(0, 0)",2
555,"(195, 262)","(289, 133)","(319, 408)","(0, 0)","(0, 0)","(0, 0)","(0, 0)","(0, 0)","(0, 0)",2
556,"(196, 260)","(287, 134)","(318, 409)","(0, 0)","(0, 0)","(0, 0)","(0, 0)","(0, 0)","(0, 0)",2
557,"(192, 264)","(287, 132)","(317, 409)","(0, 0)","(0, 0)","(0, 0)","(0, 0)","(0, 0)","(0, 0)",2
558,"(188, 268)","(283, 134)","(315, 411)","(0, 0)","(0, 0)","(0, 0)","(0, 0)","(0, 0)","(0, 0)",2
559,"(186, 268)","(282, 133)","(314, 411)","(0, 0)","(0, 0)","(0, 0)","(0, 0)","(0, 0)","(0, 0)",2
560,"(182, 268)","(283, 129)","(312, 410)","(0, 0)","(0, 0)","(0, 0)","(0, 0)","(0, 0)","(0, 0)",2
561,"(181, 268)","(282, 130)","(311, 411)","(0, 0)","(0, 0)","(0, 0)","(0, 0)","(0, 0)","(0, 0)",2
562,"(181, 267)","(282, 131)","(311, 411)","(0, 0)","(0, 0)","(0, 0)","(0, 0)","(0, 0)","(0, 0)",2
563,"(182, 265)","(282, 131)","(310, 411)","(0, 0)","(0, 0)","(0, 0)","(0, 0)","(0, 0)","(0, 0)",2
564,"(181, 265)","(282, 131)","(309, 412)","(0, 0)","(0, 0)","(0, 0)","(0, 0)","(0, 0)","(0, 0)",2
565,"(181, 264)","(282, 131)","(310, 410)","(0, 0)","(0, 0)","(0, 0)","(0, 0)","(0, 0)","(0, 0)",2
566,"(181, 265)","(281, 132)","(309, 411)","(0, 0)","(0, 0)","(0, 0)","(0, 0)","(0, 0)","(0, 0)",2
567,"(181, 264)","(281, 131)","(308, 411)","(0, 0)","(0, 0)","(0, 0)","(0, 0)","(0, 0)","(0, 0)",2
568,"(181, 263)","(282, 129)","(307, 411)","(0, 0)","(0, 0)","(0, 0)","(0, 0)","(0, 0)","(0, 0)",2
569,"(181, 262)","(281, 130)","(307, 410)","(0, 0)","(0, 0)","(0, 0)","(0, 0)","(0, 0)","(0, 0)",2
570,"(179, 264)","(283, 127)","(307, 409)","(0, 0)","(0, 0)","(0, 0)","(0, 0)","(0, 0)","(0, 0)",2
571,"(180, 262)","(281, 129)","(307, 409)","(0, 0)","(0, 0)","(0, 0)","(0, 0)","(0, 0)","(0, 0)",2
572,"(180, 262)","(281, 129)","(307, 409)","(0, 0)","(0, 0)","(0, 0)","(0, 0)","(0, 0)","(0, 0)",2
573,"(182, 259)","(281, 129)","(307, 408)","(0, 0)","(0, 0)","(0, 0)","(0, 0)","(0, 0)","(0, 0)",2
574,"(179, 262)","(280, 130)","(307, 408)","(0, 0)","(0, 0)","(0, 0)","(0, 0)","(0, 0)","(0, 0)",2
575,"(179, 262)","(281, 128)","(306, 409)","(0, 0)","(0, 0)","(0, 0)","(0, 0)","(0, 0)","(0, 0)",2
576,"(180, 261)","(281, 128)","(307, 407)","(0, 0)","(0, 0)","(0, 0)","(0, 0)","(0, 0)","(0, 0)",2
577,"(181, 259)","(280, 129)","(307, 407)","(0, 0)","(0, 0)","(0, 0)","(0, 0)","(0, 0)","(0, 0)",2
578,"(181, 259)","(281, 127)","(307, 407)","(0, 0)","(0, 0)","(0, 0)","(0, 0)","(0, 0)","(0, 0)",2
579,"(179, 261)","(282, 125)","(307, 406)","(0, 0)","(0, 0)","(0, 0)","(0, 0)","(0, 0)","(0, 0)",2
580,"(179, 261)","(279, 128)","(307, 406)","(0, 0)","(0, 0)","(0, 0)","(0, 0)","(0, 0)","(0, 0)",2
581,"(179, 262)","(278, 129)","(307, 407)","(0, 0)","(0, 0)","(0, 0)","(0, 0)","(0, 0)","(0, 0)",2
582,"(178, 265)","(278, 129)","(307, 408)","(0, 0)","(0, 0)","(0, 0)","(0, 0)","(0, 0)","(0, 0)",2
583,"(181, 263)","(279, 128)","(308, 408)","(0, 0)","(0, 0)","(0, 0)","(0, 0)","(0, 0)","(0, 0)",2
584,"(180, 266)","(280, 127)","(308, 409)","(0, 0)","(0, 0)","(0, 0)","(0, 0)","(0, 0)","(0, 0)",2
585,"(179, 268)","(278, 130)","(309, 408)","(0, 0)","(0, 0)","(0, 0)","(0, 0)","(0, 0)","(0, 0)",2
586,"(178, 271)","(279, 129)","(309, 409)","(0, 0)","(0, 0)","(0, 0)","(0, 0)","(0, 0)","(0, 0)",2
587,"(180, 269)","(280, 128)","(309, 410)","(0, 0)","(0, 0)","(0, 0)","(0, 0)","(0, 0)","(0, 0)",2
588,"(179, 272)","(278, 131)","(309, 412)","(0, 0)","(0, 0)","(0, 0)","(0, 0)","(0, 0)","(0, 0)",2
589,"(180, 272)","(279, 130)","(309, 413)","(0, 0)","(0, 0)","(0, 0)","(0, 0)","(0, 0)","(0, 0)",2
590,"(181, 271)","(278, 132)","(310, 412)","(0, 0)","(0, 0)","(0, 0)","(0, 0)","(0, 0)","(0, 0)",2
591,"(180, 272)","(279, 131)","(310, 412)","(0, 0)","(0, 0)","(0, 0)","(0, 0)","(0, 0)","(0, 0)",2
592,"(180, 272)","(280, 130)","(310, 412)","(0, 0)","(0, 0)","(0, 0)","(0, 0)","(0, 0)","(0, 0)",2
593,"(180, 272)","(278, 133)","(310, 412)","(0, 0)","(0, 0)","(0, 0)","(0, 0)","(0, 0)","(0, 0)",2
594,"(180, 272)","(279, 132)","(310, 412)","(0, 0)","(0, 0)","(0, 0)","(0, 0)","(0, 0)","(0, 0)",2
595,"(180, 271)","(279, 132)","(309, 413)","(0, 0)","(0, 0)","(0, 0)","(0, 0)","(0, 0)","(0, 0)",2
596,"(181, 270)","(279, 132)","(310, 411)","(0, 0)","(0, 0)","(0, 0)","(0, 0)","(0, 0)","(0, 0)",2
597,"(181, 270)","(279, 132)","(310, 411)","(0, 0)","(0, 0)","(0, 0)","(0, 0)","(0, 0)","(0, 0)",2
598,"(181, 270)","(278, 134)","(310, 411)","(0, 0)","(0, 0)","(0, 0)","(0, 0)","(0, 0)","(0, 0)",2
599,"(180, 271)","(281, 130)","(310, 410)","(0, 0)","(0, 0)","(0, 0)","(0, 0)","(0, 0)","(0, 0)",2
600,"(181, 269)","(281, 130)","(309, 410)","(0, 0)","(0, 0)","(0, 0)","(0, 0)","(0, 0)","(0, 0)",2
601,"(181, 269)","(280, 131)","(309, 410)","(0, 0)","(0, 0)","(0, 0)","(0, 0)","(0, 0)","(0, 0)",2
602,"(182, 268)","(281, 130)","(309, 410)","(0, 0)","(0, 0)","(0, 0)","(0, 0)","(0, 0)","(0, 0)",2
603,"(181, 269)","(278, 134)","(309, 410)","(0, 0)","(0, 0)","(0, 0)","(0, 0)","(0, 0)","(0, 0)",2
604,"(181, 269)","(281, 130)","(309, 410)","(0, 0)","(0, 0)","(0, 0)","(0, 0)","(0, 0)","(0, 0)",2
605,"(179, 272)","(278, 134)","(309, 410)","(0, 0)","(0, 0)","(0, 0)","(0, 0)","(0, 0)","(0, 0)",2
606,"(181, 269)","(280, 131)","(309, 410)","(0, 0)","(0, 0)","(0, 0)","(0, 0)","(0, 0)","(0, 0)",2
607,"(181, 269)","(280, 131)","(309, 410)","(0, 0)","(0, 0)","(0, 0)","(0, 0)","(0, 0)","(0, 0)",2
608,"(179, 272)","(279, 132)","(309, 410)","(0, 0)","(0, 0)","(0, 0)","(0, 0)","(0, 0)","(0, 0)",2
609,"(181, 269)","(279, 132)","(308, 411)","(0, 0)","(0, 0)","(0, 0)","(0, 0)","(0, 0)","(0, 0)",2
610,"(181, 269)","(279, 132)","(309, 410)","(0, 0)","(0, 0)","(0, 0)","(0, 0)","(0, 0)","(0, 0)",2
611,"(181, 269)","(279, 132)","(308, 411)","(0, 0)","(0, 0)","(0, 0)","(0, 0)","(0, 0)","(0, 0)",2
612,"(181, 269)","(278, 133)","(309, 409)","(0, 0)","(0, 0)","(0, 0)","(0, 0)","(0, 0)","(0, 0)",2
613,"(181, 269)","(278, 133)","(308, 410)","(0, 0)","(0, 0)","(0, 0)","(0, 0)","(0, 0)","(0, 0)",2
614,"(181, 269)","(280, 130)","(308, 410)","(0, 0)","(0, 0)","(0, 0)","(0, 0)","(0, 0)","(0, 0)",2
615,"(179, 272)","(280, 130)","(309, 409)","(0, 0)","(0, 0)","(0, 0)","(0, 0)","(0, 0)","(0, 0)",2
616,"(180, 271)","(279, 131)","(176, 297)","(309, 409)","(0, 0)","(0, 0)","(0, 0)","(0, 0)","(0, 0)",2
617,"(181, 270)","(279, 131)","(309, 409)","(0, 0)","(0, 0)","(0, 0)","(0, 0)","(0, 0)","(0, 0)",2
618,"(181, 270)","(278, 132)","(309, 409)","(0, 0)","(0, 0)","(0, 0)","(0, 0)","(0, 0)","(0, 0)",2
619,"(179, 273)","(278, 132)","(309, 409)","(0, 0)","(0, 0)","(0, 0)","(0, 0)","(0, 0)","(0, 0)",2
620,"(180, 272)","(280, 129)","(309, 409)","(0, 0)","(0, 0)","(0, 0)","(0, 0)","(0, 0)","(0, 0)",2
621,"(181, 271)","(278, 132)","(309, 409)","(0, 0)","(0, 0)","(0, 0)","(0, 0)","(0, 0)","(0, 0)",2
622,"(181, 271)","(280, 129)","(308, 411)","(0, 0)","(0, 0)","(0, 0)","(0, 0)","(0, 0)","(0, 0)",2
623,"(181, 271)","(279, 130)","(309, 409)","(0, 0)","(0, 0)","(0, 0)","(0, 0)","(0, 0)","(0, 0)",2
624,"(181, 271)","(277, 132)","(309, 409)","(0, 0)","(0, 0)","(0, 0)","(0, 0)","(0, 0)","(0, 0)",2
625,"(181, 271)","(279, 129)","(309, 409)","(0, 0)","(0, 0)","(0, 0)","(0, 0)","(0, 0)","(0, 0)",2
626,"(180, 273)","(279, 129)","(310, 407)","(0, 0)","(0, 0)","(0, 0)","(0, 0)","(0, 0)","(0, 0)",2
627,"(180, 273)","(279, 128)","(310, 407)","(0, 0)","(0, 0)","(0, 0)","(0, 0)","(0, 0)","(0, 0)",2
628,"(180, 273)","(279, 128)","(310, 407)","(0, 0)","(0, 0)","(0, 0)","(0, 0)","(0, 0)","(0, 0)",2
629,"(180, 273)","(279, 128)","(310, 407)","(0, 0)","(0, 0)","(0, 0)","(0, 0)","(0, 0)","(0, 0)",2
630,"(180, 273)","(279, 128)","(310, 407)","(0, 0)","(0, 0)","(0, 0)","(0, 0)","(0, 0)","(0, 0)",2
631,"(181, 272)","(277, 131)","(310, 408)","(0, 0)","(0, 0)","(0, 0)","(0, 0)","(0, 0)","(0, 0)",2
632,"(181, 272)","(277, 131)","(310, 408)","(0, 0)","(0, 0)","(0, 0)","(0, 0)","(0, 0)","(0, 0)",2
633,"(181, 273)","(278, 130)","(310, 408)","(0, 0)","(0, 0)","(0, 0)","(0, 0)","(0, 0)","(0, 0)",2
634,"(181, 272)","(279, 128)","(310, 407)","(0, 0)","(0, 0)","(0, 0)","(0, 0)","(0, 0)","(0, 0)",2
635,"(180, 274)","(278, 129)","(309, 408)","(0, 0)","(0, 0)","(0, 0)","(0, 0)","(0, 0)","(0, 0)",2
636,"(180, 274)","(278, 129)","(310, 407)","(0, 0)","(0, 0)","(0, 0)","(0, 0)","(0, 0)","(0, 0)",2
637,"(180, 274)","(279, 128)","(310, 407)","(0, 0)","(0, 0)","(0, 0)","(0, 0)","(0, 0)","(0, 0)",2
638,"(181, 273)","(277, 131)","(310, 407)","(0, 0)","(0, 0)","(0, 0)","(0, 0)","(0, 0)","(0, 0)",2
639,"(180, 274)","(279, 128)","(311, 406)","(0, 0)","(0, 0)","(0, 0)","(0, 0)","(0, 0)","(0, 0)",2
640,"(183, 271)","(279, 128)","(309, 409)","(0, 0)","(0, 0)","(0, 0)","(0, 0)","(0, 0)","(0, 0)",2
641,"(181, 272)","(279, 128)","(310, 408)","(0, 0)","(0, 0)","(0, 0)","(0, 0)","(0, 0)","(0, 0)",2
642,"(180, 273)","(278, 129)","(311, 406)","(0, 0)","(0, 0)","(0, 0)","(0, 0)","(0, 0)","(0, 0)",2
643,"(181, 272)","(278, 129)","(310, 408)","(0, 0)","(0, 0)","(0, 0)","(0, 0)","(0, 0)","(0, 0)",2
644,"(181, 276)","(277, 131)","(310, 409)","(0, 0)","(0, 0)","(0, 0)","(0, 0)","(0, 0)","(0, 0)",2
645,"(182, 276)","(276, 133)","(311, 408)","(0, 0)","(0, 0)","(0, 0)","(0, 0)","(0, 0)","(0, 0)",2
646,"(180, 280)","(278, 130)","(312, 407)","(0, 0)","(0, 0)","(0, 0)","(0, 0)","(0, 0)","(0, 0)",2
647,"(180, 280)","(276, 133)","(311, 408)","(0, 0)","(0, 0)","(0, 0)","(0, 0)","(0, 0)","(0, 0)",2
648,"(181, 278)","(277, 131)","(311, 407)","(0, 0)","(0, 0)","(0, 0)","(0, 0)","(0, 0)","(0, 0)",2
649,"(181, 278)","(278, 128)","(312, 405)","(0, 0)","(0, 0)","(0, 0)","(0, 0)","(0, 0)","(0, 0)",2
650,"(181, 278)","(277, 129)","(312, 405)","(0, 0)","(0, 0)","(0, 0)","(0, 0)","(0, 0)","(0, 0)",2
651,"(181, 278)","(277, 129)","(311, 406)","(0, 0)","(0, 0)","(0, 0)","(0, 0)","(0, 0)","(0, 0)",2
652,"(180, 279)","(277, 129)","(311, 406)","(0, 0)","(0, 0)","(0, 0)","(0, 0)","(0, 0)","(0, 0)",2
653,"(181, 277)","(277, 129)","(312, 404)","(0, 0)","(0, 0)","(0, 0)","(0, 0)","(0, 0)","(0, 0)",2
654,"(181, 277)","(277, 129)","(312, 404)","(0, 0)","(0, 0)","(0, 0)","(0, 0)","(0, 0)","(0, 0)",2
655,"(181, 277)","(276, 130)","(312, 404)","(0, 0)","(0, 0)","(0, 0)","(0, 0)","(0, 0)","(0, 0)",2
656,"(181, 276)","(276, 130)","(312, 404)","(0, 0)","(0, 0)","(0, 0)","(0, 0)","(0, 0)","(0, 0)",2
657,"(181, 277)","(277, 128)","(312, 404)","(0, 0)","(0, 0)","(0, 0)","(0, 0)","(0, 0)","(0, 0)",2
658,"(181, 277)","(276, 130)","(312, 404)","(0, 0)","(0, 0)","(0, 0)","(0, 0)","(0, 0)","(0, 0)",2
659,"(181, 277)","(276, 130)","(311, 405)","(0, 0)","(0, 0)","(0, 0)","(0, 0)","(0, 0)","(0, 0)",2
660,"(181, 277)","(276, 130)","(311, 405)","(0, 0)","(0, 0)","(0, 0)","(0, 0)","(0, 0)","(0, 0)",2
661,"(180, 278)","(276, 130)","(312, 403)","(0, 0)","(0, 0)","(0, 0)","(0, 0)","(0, 0)","(0, 0)",2
662,"(180, 278)","(277, 128)","(311, 404)","(0, 0)","(0, 0)","(0, 0)","(0, 0)","(0, 0)","(0, 0)",2
663,"(180, 278)","(276, 130)","(310, 406)","(0, 0)","(0, 0)","(0, 0)","(0, 0)","(0, 0)","(0, 0)",2
664,"(181, 276)","(276, 130)","(311, 405)","(0, 0)","(0, 0)","(0, 0)","(0, 0)","(0, 0)","(0, 0)",2
665,"(179, 279)","(278, 127)","(310, 406)","(497, 598)","(0, 0)","(0, 0)","(0, 0)","(0, 0)","(0, 0)",2
666,"(179, 279)","(274, 132)","(310, 406)","(0, 0)","(0, 0)","(0, 0)","(0, 0)","(0, 0)","(0, 0)",2
667,"(177, 282)","(272, 132)","(308, 408)","(0, 0)","(0, 0)","(0, 0)","(0, 0)","(0, 0)","(0, 0)",2
668,"(175, 284)","(267, 137)","(305, 411)","(0, 0)","(0, 0)","(0, 0)","(0, 0)","(0, 0)","(0, 0)",2
669,"(173, 286)","(268, 134)","(304, 411)","(0, 0)","(0, 0)","(0, 0)","(0, 0)","(0, 0)","(0, 0)",2
670,"(172, 286)","(265, 136)","(302, 412)","(0, 0)","(0, 0)","(0, 0)","(0, 0)","(0, 0)","(0, 0)",2
671,"(171, 287)","(262, 138)","(302, 412)","(0, 0)","(0, 0)","(0, 0)","(0, 0)","(0, 0)","(0, 0)",2
672,"(172, 285)","(262, 138)","(301, 412)","(0, 0)","(0, 0)","(0, 0)","(0, 0)","(0, 0)","(0, 0)",2
673,"(172, 285)","(261, 139)","(301, 412)","(0, 0)","(0, 0)","(0, 0)","(0, 0)","(0, 0)","(0, 0)",2
674,"(169, 291)","(259, 140)","(300, 414)","(0, 0)","(0, 0)","(0, 0)","(0, 0)","(0, 0)","(0, 0)",2
675,"(168, 293)","(257, 142)","(300, 414)","(0, 0)","(0, 0)","(0, 0)","(0, 0)","(0, 0)","(0, 0)",2
676,"(168, 293)","(257, 142)","(299, 415)","(0, 0)","(0, 0)","(0, 0)","(0, 0)","(0, 0)","(0, 0)",2
677,"(168, 293)","(256, 143)","(300, 413)","(0, 0)","(0, 0)","(0, 0)","(0, 0)","(0, 0)","(0, 0)",2
678,"(168, 293)","(256, 143)","(300, 413)","(0, 0)","(0, 0)","(0, 0)","(0, 0)","(0, 0)","(0, 0)",2
679,"(169, 291)","(256, 143)","(300, 413)","(0, 0)","(0, 0)","(0, 0)","(0, 0)","(0, 0)","(0, 0)",2
680,"(169, 291)","(258, 140)","(299, 414)","(0, 0)","(0, 0)","(0, 0)","(0, 0)","(0, 0)","(0, 0)",2
681,"(167, 294)","(257, 142)","(189, 381)","(299, 414)","(0, 0)","(0, 0)","(0, 0)","(0, 0)","(0, 0)",2
682,"(167, 294)","(257, 142)","(298, 416)","(0, 0)","(0, 0)","(0, 0)","(0, 0)","(0, 0)","(0, 0)",2
683,"(167, 294)","(257, 142)","(299, 414)","(0, 0)","(0, 0)","(0, 0)","(0, 0)","(0, 0)","(0, 0)",2
684,"(165, 296)","(257, 142)","(299, 414)","(0, 0)","(0, 0)","(0, 0)","(0, 0)","(0, 0)","(0, 0)",2
685,"(168, 292)","(257, 142)","(299, 414)","(0, 0)","(0, 0)","(0, 0)","(0, 0)","(0, 0)","(0, 0)",2
686,"(165, 297)","(257, 142)","(298, 416)","(0, 0)","(0, 0)","(0, 0)","(0, 0)","(0, 0)","(0, 0)",2
687,"(167, 294)","(257, 142)","(298, 416)","(0, 0)","(0, 0)","(0, 0)","(0, 0)","(0, 0)","(0, 0)",2
688,"(167, 294)","(257, 142)","(299, 414)","(0, 0)","(0, 0)","(0, 0)","(0, 0)","(0, 0)","(0, 0)",2
689,"(168, 292)","(257, 142)","(299, 414)","(0, 0)","(0, 0)","(0, 0)","(0, 0)","(0, 0)","(0, 0)",2
690,"(168, 293)","(257, 142)","(196, 393)","(299, 414)","(0, 0)","(0, 0)","(0, 0)","(0, 0)","(0, 0)",2
691,"(168, 293)","(257, 142)","(299, 414)","(0, 0)","(0, 0)","(0, 0)","(0, 0)","(0, 0)","(0, 0)",2
692,"(169, 291)","(257, 142)","(299, 413)","(0, 0)","(0, 0)","(0, 0)","(0, 0)","(0, 0)","(0, 0)",2
693,"(169, 291)","(257, 142)","(298, 414)","(0, 0)","(0, 0)","(0, 0)","(0, 0)","(0, 0)","(0, 0)",2
694,"(167, 294)","(256, 143)","(299, 412)","(0, 0)","(0, 0)","(0, 0)","(0, 0)","(0, 0)","(0, 0)",2
695,"(169, 291)","(257, 142)","(299, 412)","(0, 0)","(0, 0)","(0, 0)","(0, 0)","(0, 0)","(0, 0)",2
696,"(169, 291)","(257, 142)","(298, 413)","(0, 0)","(0, 0)","(0, 0)","(0, 0)","(0, 0)","(0, 0)",2
697,"(169, 291)","(257, 142)","(298, 413)","(0, 0)","(0, 0)","(0, 0)","(0, 0)","(0, 0)","(0, 0)",2
698,"(168, 293)","(256, 144)","(297, 414)","(0, 0)","(0, 0)","(0, 0)","(0, 0)","(0, 0)","(0, 0)",2
699,"(169, 291)","(256, 144)","(298, 412)","(0, 0)","(0, 0)","(0, 0)","(0, 0)","(0, 0)","(0, 0)",2
700,"(169, 291)","(257, 142)","(298, 412)","(0, 0)","(0, 0)","(0, 0)","(0, 0)","(0, 0)","(0, 0)",2
701,"(167, 295)","(257, 142)","(298, 413)","(0, 0)","(0, 0)","(0, 0)","(0, 0)","(0, 0)","(0, 0)",2
702,"(169, 292)","(257, 142)","(299, 412)","(0, 0)","(0, 0)","(0, 0)","(0, 0)","(0, 0)","(0, 0)",2
703,"(167, 295)","(256, 144)","(298, 414)","(0, 0)","(0, 0)","(0, 0)","(0, 0)","(0, 0)","(0, 0)",2
704,"(169, 292)","(256, 144)","(299, 412)","(0, 0)","(0, 0)","(0, 0)","(0, 0)","(0, 0)","(0, 0)",2
705,"(167, 295)","(256, 144)","(299, 413)","(0, 0)","(0, 0)","(0, 0)","(0, 0)","(0, 0)","(0, 0)",2
706,"(167, 295)","(257, 142)","(299, 413)","(0, 0)","(0, 0)","(0, 0)","(0, 0)","(0, 0)","(0, 0)",2
707,"(165, 298)","(257, 142)","(299, 413)","(0, 0)","(0, 0)","(0, 0)","(0, 0)","(0, 0)","(0, 0)",2
708,"(167, 295)","(257, 142)","(299, 412)","(0, 0)","(0, 0)","(0, 0)","(0, 0)","(0, 0)","(0, 0)",2
709,"(169, 292)","(257, 142)","(299, 412)","(0, 0)","(0, 0)","(0, 0)","(0, 0)","(0, 0)","(0, 0)",2
710,"(168, 294)","(257, 142)","(299, 413)","(0, 0)","(0, 0)","(0, 0)","(0, 0)","(0, 0)","(0, 0)",2
711,"(166, 297)","(257, 142)","(300, 412)","(0, 0)","(0, 0)","(0, 0)","(0, 0)","(0, 0)","(0, 0)",2
712,"(170, 291)","(257, 142)","(300, 412)","(0, 0)","(0, 0)","(0, 0)","(0, 0)","(0, 0)","(0, 0)",2
713,"(169, 293)","(257, 142)","(300, 413)","(0, 0)","(0, 0)","(0, 0)","(0, 0)","(0, 0)","(0, 0)",2
714,"(169, 293)","(257, 142)","(301, 413)","(0, 0)","(0, 0)","(0, 0)","(0, 0)","(0, 0)","(0, 0)",2
715,"(170, 292)","(257, 142)","(269, 135)","(301, 413)","(0, 0)","(0, 0)","(0, 0)","(0, 0)","(0, 0)",2
716,"(168, 295)","(257, 142)","(301, 413)","(0, 0)","(0, 0)","(0, 0)","(0, 0)","(0, 0)","(0, 0)",2
717,"(170, 292)","(257, 142)","(302, 412)","(0, 0)","(0, 0)","(0, 0)","(0, 0)","(0, 0)","(0, 0)",2
718,"(170, 292)","(257, 142)","(302, 412)","(0, 0)","(0, 0)","(0, 0)","(0, 0)","(0, 0)","(0, 0)",2
719,"(170, 292)","(257, 142)","(301, 413)","(0, 0)","(0, 0)","(0, 0)","(0, 0)","(0, 0)","(0, 0)",2
720,"(170, 292)","(256, 143)","(302, 411)","(0, 0)","(0, 0)","(0, 0)","(0, 0)","(0, 0)","(0, 0)",2
721,"(170, 292)","(255, 145)","(301, 413)","(0, 0)","(0, 0)","(0, 0)","(0, 0)","(0, 0)","(0, 0)",2
722,"(170, 292)","(256, 143)","(302, 412)","(0, 0)","(0, 0)","(0, 0)","(0, 0)","(0, 0)","(0, 0)",2
723,"(170, 292)","(256, 143)","(302, 412)","(0, 0)","(0, 0)","(0, 0)","(0, 0)","(0, 0)","(0, 0)",2
724,"(170, 292)","(257, 142)","(197, 390)","(302, 412)","(0, 0)","(0, 0)","(0, 0)","(0, 0)","(0, 0)",2
725,"(168, 295)","(257, 142)","(302, 413)","(0, 0)","(0, 0)","(0, 0)","(0, 0)","(0, 0)","(0, 0)",2
726,"(168, 295)","(256, 144)","(302, 413)","(0, 0)","(0, 0)","(0, 0)","(0, 0)","(0, 0)","(0, 0)",2
727,"(170, 292)","(256, 144)","(302, 413)","(0, 0)","(0, 0)","(0, 0)","(0, 0)","(0, 0)","(0, 0)",2
728,"(170, 292)","(256, 144)","(302, 413)","(490, 598)","(0, 0)","(0, 0)","(0, 0)","(0, 0)","(0, 0)",2
729,"(170, 292)","(256, 144)","(302, 413)","(0, 0)","(0, 0)","(0, 0)","(0, 0)","(0, 0)","(0, 0)",2
730,"(170, 292)","(256, 144)","(302, 413)","(0, 0)","(0, 0)","(0, 0)","(0, 0)","(0, 0)","(0, 0)",2
731,"(168, 295)","(256, 144)","(302, 413)","(0, 0)","(0, 0)","(0, 0)","(0, 0)","(0, 0)","(0, 0)",2
732,"(168, 295)","(256, 144)","(302, 413)","(0, 0)","(0, 0)","(0, 0)","(0, 0)","(0, 0)","(0, 0)",2
733,"(170, 292)","(256, 144)","(302, 413)","(0, 0)","(0, 0)","(0, 0)","(0, 0)","(0, 0)","(0, 0)",2
734,"(168, 295)","(256, 144)","(302, 413)","(0, 0)","(0, 0)","(0, 0)","(0, 0)","(0, 0)","(0, 0)",2
735,"(169, 293)","(256, 144)","(302, 413)","(0, 0)","(0, 0)","(0, 0)","(0, 0)","(0, 0)","(0, 0)",2
736,"(170, 291)","(257, 142)","(302, 413)","(0, 0)","(0, 0)","(0, 0)","(0, 0)","(0, 0)","(0, 0)",2
737,"(169, 293)","(256, 144)","(302, 413)","(0, 0)","(0, 0)","(0, 0)","(0, 0)","(0, 0)","(0, 0)",2
738,"(170, 291)","(257, 142)","(302, 413)","(0, 0)","(0, 0)","(0, 0)","(0, 0)","(0, 0)","(0, 0)",2
739,"(170, 291)","(256, 144)","(302, 413)","(0, 0)","(0, 0)","(0, 0)","(0, 0)","(0, 0)","(0, 0)",2
740,"(171, 289)","(258, 141)","(302, 412)","(0, 0)","(0, 0)","(0, 0)","(0, 0)","(0, 0)","(0, 0)",2
741,"(169, 292)","(258, 141)","(302, 412)","(0, 0)","(0, 0)","(0, 0)","(0, 0)","(0, 0)","(0, 0)",2
742,"(172, 287)","(257, 143)","(302, 412)","(0, 0)","(0, 0)","(0, 0)","(0, 0)","(0, 0)","(0, 0)",2
743,"(170, 290)","(257, 143)","(302, 412)","(0, 0)","(0, 0)","(0, 0)","(0, 0)","(0, 0)","(0, 0)",2
744,"(171, 288)","(258, 142)","(302, 412)","(0, 0)","(0, 0)","(0, 0)","(0, 0)","(0, 0)","(0, 0)",2
745,"(170, 289)","(258, 142)","(302, 412)","(0, 0)","(0, 0)","(0, 0)","(0, 0)","(0, 0)","(0, 0)",2
746,"(171, 287)","(258, 142)","(301, 413)","(0, 0)","(0, 0)","(0, 0)","(0, 0)","(0, 0)","(0, 0)",2
747,"(172, 285)","(258, 142)","(302, 412)","(0, 0)","(0, 0)","(0, 0)","(0, 0)","(0, 0)","(0, 0)",2
748,"(172, 284)","(259, 141)","(302, 412)","(0, 0)","(0, 0)","(0, 0)","(0, 0)","(0, 0)","(0, 0)",2
749,"(172, 284)","(259, 141)","(302, 412)","(0, 0)","(0, 0)","(0, 0)","(0, 0)","(0, 0)","(0, 0)",2
750,"(170, 285)","(259, 141)","(302, 412)","(0, 0)","(0, 0)","(0, 0)","(0, 0)","(0, 0)","(0, 0)",2
751,"(172, 282)","(258, 143)","(302, 412)","(0, 0)","(0, 0)","(0, 0)","(0, 0)","(0, 0)","(0, 0)",2
752,"(172, 282)","(258, 143)","(302, 411)","(0, 0)","(0, 0)","(0, 0)","(0, 0)","(0, 0)","(0, 0)",2
753,"(171, 283)","(259, 141)","(302, 411)","(0, 0)","(0, 0)","(0, 0)","(0, 0)","(0, 0)","(0, 0)",2
754,"(171, 283)","(259, 141)","(302, 411)","(0, 0)","(0, 0)","(0, 0)","(0, 0)","(0, 0)","(0, 0)",2
755,"(172, 281)","(258, 143)","(302, 411)","(0, 0)","(0, 0)","(0, 0)","(0, 0)","(0, 0)","(0, 0)",2
756,"(172, 280)","(259, 142)","(300, 413)","(0, 0)","(0, 0)","(0, 0)","(0, 0)","(0, 0)","(0, 0)",2
757,"(170, 282)","(258, 144)","(299, 413)","(0, 0)","(0, 0)","(0, 0)","(0, 0)","(0, 0)","(0, 0)",2
758,"(169, 283)","(258, 144)","(299, 413)","(0, 0)","(0, 0)","(0, 0)","(0, 0)","(0, 0)","(0, 0)",2
759,"(170, 282)","(259, 142)","(299, 414)","(0, 0)","(0, 0)","(0, 0)","(0, 0)","(0, 0)","(0, 0)",2
760,"(170, 282)","(259, 142)","(299, 414)","(0, 0)","(0, 0)","(0, 0)","(0, 0)","(0, 0)","(0, 0)",2
761,"(171, 281)","(257, 145)","(298, 415)","(0, 0)","(0, 0)","(0, 0)","(0, 0)","(0, 0)","(0, 0)",2
762,"(170, 283)","(258, 143)","(299, 413)","(0, 0)","(0, 0)","(0, 0)","(0, 0)","(0, 0)","(0, 0)",2
763,"(168, 287)","(259, 141)","(298, 415)","(0, 0)","(0, 0)","(0, 0)","(0, 0)","(0, 0)","(0, 0)",2
764,"(168, 288)","(258, 143)","(298, 416)","(0, 0)","(0, 0)","(0, 0)","(0, 0)","(0, 0)","(0, 0)",2
765,"(170, 286)","(258, 143)","(299, 415)","(0, 0)","(0, 0)","(0, 0)","(0, 0)","(0, 0)","(0, 0)",2
766,"(169, 288)","(258, 143)","(299, 415)","(0, 0)","(0, 0)","(0, 0)","(0, 0)","(0, 0)","(0, 0)",2
767,"(168, 290)","(258, 142)","(299, 415)","(0, 0)","(0, 0)","(0, 0)","(0, 0)","(0, 0)","(0, 0)",2
768,"(170, 287)","(257, 143)","(298, 417)","(0, 0)","(0, 0)","(0, 0)","(0, 0)","(0, 0)","(0, 0)",2
769,"(169, 290)","(255, 146)","(300, 415)","(0, 0)","(0, 0)","(0, 0)","(0, 0)","(0, 0)","(0, 0)",2
770,"(169, 292)","(248, 152)","(298, 420)","(0, 0)","(0, 0)","(0, 0)","(0, 0)","(0, 0)","(0, 0)",2
771,"(165, 297)","(247, 154)","(299, 418)","(0, 0)","(0, 0)","(0, 0)","(0, 0)","(0, 0)","(0, 0)",2
772,"(170, 290)","(248, 152)","(298, 419)","(0, 0)","(0, 0)","(0, 0)","(0, 0)","(0, 0)","(0, 0)",2
773,"(169, 292)","(247, 154)","(299, 418)","(0, 0)","(0, 0)","(0, 0)","(0, 0)","(0, 0)","(0, 0)",2
774,"(169, 292)","(249, 151)","(299, 418)","(0, 0)","(0, 0)","(0, 0)","(0, 0)","(0, 0)","(0, 0)",2
775,"(169, 292)","(250, 149)","(298, 419)","(0, 0)","(0, 0)","(0, 0)","(0, 0)","(0, 0)","(0, 0)",2
776,"(168, 294)","(249, 151)","(299, 418)","(0, 0)","(0, 0)","(0, 0)","(0, 0)","(0, 0)","(0, 0)",2
777,"(168, 295)","(249, 151)","(299, 418)","(0, 0)","(0, 0)","(0, 0)","(0, 0)","(0, 0)","(0, 0)",2
778,"(168, 295)","(247, 154)","(167, 335)","(299, 418)","(0, 0)","(0, 0)","(0, 0)","(0, 0)","(0, 0)",2
779,"(168, 295)","(247, 154)","(298, 419)","(0, 0)","(0, 0)","(0, 0)","(0, 0)","(0, 0)","(0, 0)",2
780,"(169, 294)","(249, 150)","(299, 417)","(0, 0)","(0, 0)","(0, 0)","(0, 0)","(0, 0)","(0, 0)",2
781,"(168, 296)","(249, 150)","(298, 418)","(0, 0)","(0, 0)","(0, 0)","(0, 0)","(0, 0)","(0, 0)",2
782,"(168, 296)","(248, 151)","(299, 416)","(0, 0)","(0, 0)","(0, 0)","(0, 0)","(0, 0)","(0, 0)",2
783,"(167, 299)","(248, 151)","(299, 417)","(0, 0)","(0, 0)","(0, 0)","(0, 0)","(0, 0)","(0, 0)",2
784,"(168, 298)","(249, 149)","(299, 417)","(0, 0)","(0, 0)","(0, 0)","(0, 0)","(0, 0)","(0, 0)",2
785,"(168, 300)","(248, 151)","(300, 416)","(0, 0)","(0, 0)","(0, 0)","(0, 0)","(0, 0)","(0, 0)",2
786,"(168, 300)","(249, 149)","(300, 416)","(0, 0)","(0, 0)","(0, 0)","(0, 0)","(0, 0)","(0, 0)",2
787,"(168, 300)","(249, 149)","(300, 416)","(0, 0)","(0, 0)","(0, 0)","(0, 0)","(0, 0)","(0, 0)",2
788,"(168, 300)","(248, 151)","(300, 416)","(0, 0)","(0, 0)","(0, 0)","(0, 0)","(0, 0)","(0, 0)",2
789,"(168, 300)","(247, 153)","(300, 417)","(0, 0)","(0, 0)","(0, 0)","(0, 0)","(0, 0)","(0, 0)",2
790,"(169, 298)","(249, 150)","(300, 417)","(0, 0)","(0, 0)","(0, 0)","(0, 0)","(0, 0)","(0, 0)",2
791,"(169, 298)","(249, 150)","(300, 417)","(0, 0)","(0, 0)","(0, 0)","(0, 0)","(0, 0)","(0, 0)",2
792,"(168, 299)","(249, 150)","(300, 417)","(0, 0)","(0, 0)","(0, 0)","(0, 0)","(0, 0)","(0, 0)",2
793,"(168, 299)","(249, 150)","(300, 417)","(0, 0)","(0, 0)","(0, 0)","(0, 0)","(0, 0)","(0, 0)",2
794,"(169, 297)","(248, 152)","(300, 417)","(0, 0)","(0, 0)","(0, 0)","(0, 0)","(0, 0)","(0, 0)",2
795,"(169, 297)","(248, 152)","(300, 417)","(0, 0)","(0, 0)","(0, 0)","(0, 0)","(0, 0)","(0, 0)",2
796,"(169, 296)","(248, 152)","(299, 418)","(0, 0)","(0, 0)","(0, 0)","(0, 0)","(0, 0)","(0, 0)",2
797,"(169, 296)","(247, 154)","(299, 418)","(0, 0)","(0, 0)","(0, 0)","(0, 0)","(0, 0)","(0, 0)",2
798,"(168, 297)","(247, 154)","(300, 416)","(0, 0)","(0, 0)","(0, 0)","(0, 0)","(0, 0)","(0, 0)",2
799,"(168, 297)","(247, 154)","(300, 417)","(0, 0)","(0, 0)","(0, 0)","(0, 0)","(0, 0)","(0, 0)",2
800,"(169, 295)","(250, 149)","(300, 416)","(0, 0)","(0, 0)","(0, 0)","(0, 0)","(0, 0)","(0, 0)",2
801,"(168, 296)","(250, 149)","(300, 416)","(0, 0)","(0, 0)","(0, 0)","(0, 0)","(0, 0)","(0, 0)",2
802,"(169, 294)","(250, 149)","(300, 415)","(0, 0)","(0, 0)","(0, 0)","(0, 0)","(0, 0)","(0, 0)",2
803,"(168, 295)","(250, 149)","(299, 417)","(0, 0)","(0, 0)","(0, 0)","(0, 0)","(0, 0)","(0, 0)",2
804,"(169, 293)","(251, 148)","(300, 416)","(0, 0)","(0, 0)","(0, 0)","(0, 0)","(0, 0)","(0, 0)",2
805,"(169, 293)","(250, 150)","(300, 416)","(0, 0)","(0, 0)","(0, 0)","(0, 0)","(0, 0)","(0, 0)",2
806,"(170, 291)","(250, 150)","(300, 415)","(0, 0)","(0, 0)","(0, 0)","(0, 0)","(0, 0)","(0, 0)",2
807,"(169, 291)","(250, 150)","(300, 415)","(0, 0)","(0, 0)","(0, 0)","(0, 0)","(0, 0)","(0, 0)",2
808,"(170, 289)","(251, 148)","(299, 416)","(0, 0)","(0, 0)","(0, 0)","(0, 0)","(0, 0)","(0, 0)",2
809,"(168, 292)","(251, 148)","(299, 416)","(0, 0)","(0, 0)","(0, 0)","(0, 0)","(0, 0)","(0, 0)",2
810,"(168, 292)","(250, 150)","(299, 416)","(0, 0)","(0, 0)","(0, 0)","(0, 0)","(0, 0)","(0, 0)",2
811,"(168, 292)","(250, 150)","(299, 416)","(0, 0)","(0, 0)","(0, 0)","(0, 0)","(0, 0)","(0, 0)",2
812,"(171, 287)","(249, 152)","(299, 416)","(0, 0)","(0, 0)","(0, 0)","(0, 0)","(0, 0)","(0, 0)",2
813,"(172, 285)","(249, 152)","(299, 416)","(0, 0)","(0, 0)","(0, 0)","(0, 0)","(0, 0)","(0, 0)",2
814,"(169, 290)","(251, 149)","(299, 416)","(0, 0)","(0, 0)","(0, 0)","(0, 0)","(0, 0)","(0, 0)",2
815,"(169, 290)","(250, 151)","(298, 418)","(0, 0)","(0, 0)","(0, 0)","(0, 0)","(0, 0)","(0, 0)",2
816,"(169, 290)","(250, 151)","(298, 418)","(0, 0)","(0, 0)","(0, 0)","(0, 0)","(0, 0)","(0, 0)",2
817,"(169, 290)","(251, 150)","(298, 418)","(0, 0)","(0, 0)","(0, 0)","(0, 0)","(0, 0)","(0, 0)",2
818,"(170, 288)","(250, 152)","(298, 418)","(0, 0)","(0, 0)","(0, 0)","(0, 0)","(0, 0)","(0, 0)",2
819,"(169, 289)","(250, 152)","(298, 418)","(0, 0)","(0, 0)","(0, 0)","(0, 0)","(0, 0)","(0, 0)",2
820,"(172, 282)","(251, 150)","(298, 417)","(0, 0)","(0, 0)","(0, 0)","(0, 0)","(0, 0)","(0, 0)",2
821,"(171, 283)","(251, 150)","(297, 418)","(0, 0)","(0, 0)","(0, 0)","(0, 0)","(0, 0)","(0, 0)",2
822,"(170, 285)","(251, 150)","(298, 417)","(0, 0)","(0, 0)","(0, 0)","(0, 0)","(0, 0)","(0, 0)",2
823,"(170, 285)","(250, 152)","(298, 417)","(0, 0)","(0, 0)","(0, 0)","(0, 0)","(0, 0)","(0, 0)",2
824,"(170, 284)","(251, 151)","(298, 417)","(0, 0)","(0, 0)","(0, 0)","(0, 0)","(0, 0)","(0, 0)",2
825,"(171, 282)","(251, 151)","(298, 417)","(0, 0)","(0, 0)","(0, 0)","(0, 0)","(0, 0)","(0, 0)",2
826,"(170, 282)","(251, 151)","(297, 418)","(0, 0)","(0, 0)","(0, 0)","(0, 0)","(0, 0)","(0, 0)",2
827,"(171, 280)","(251, 151)","(297, 418)","(0, 0)","(0, 0)","(0, 0)","(0, 0)","(0, 0)","(0, 0)",2
828,"(173, 276)","(251, 151)","(297, 417)","(0, 0)","(0, 0)","(0, 0)","(0, 0)","(0, 0)","(0, 0)",2
829,"(170, 279)","(253, 148)","(297, 417)","(0, 0)","(0, 0)","(0, 0)","(0, 0)","(0, 0)","(0, 0)",2
830,"(172, 275)","(252, 150)","(297, 417)","(0, 0)","(0, 0)","(0, 0)","(0, 0)","(0, 0)","(0, 0)",2
831,"(174, 271)","(252, 150)","(297, 418)","(0, 0)","(0, 0)","(0, 0)","(0, 0)","(0, 0)","(0, 0)",2
832,"(174, 270)","(253, 149)","(297, 418)","(0, 0)","(0, 0)","(0, 0)","(0, 0)","(0, 0)","(0, 0)",2
833,"(174, 269)","(253, 149)","(297, 417)","(0, 0)","(0, 0)","(0, 0)","(0, 0)","(0, 0)","(0, 0)",2
834,"(175, 267)","(253, 149)","(297, 417)","(0, 0)","(0, 0)","(0, 0)","(0, 0)","(0, 0)","(0, 0)",2
835,"(175, 266)","(255, 146)","(297, 416)","(0, 0)","(0, 0)","(0, 0)","(0, 0)","(0, 0)","(0, 0)",2
836,"(177, 262)","(253, 149)","(296, 417)","(0, 0)","(0, 0)","(0, 0)","(0, 0)","(0, 0)","(0, 0)",2
837,"(176, 262)","(254, 148)","(295, 418)","(0, 0)","(0, 0)","(0, 0)","(0, 0)","(0, 0)","(0, 0)",2
838,"(175, 262)","(255, 147)","(295, 417)","(0, 0)","(0, 0)","(0, 0)","(0, 0)","(0, 0)","(0, 0)",2
839,"(177, 258)","(256, 146)","(294, 419)","(0, 0)","(0, 0)","(0, 0)","(0, 0)","(0, 0)","(0, 0)",2
840,"(176, 259)","(257, 146)","(294, 419)","(0, 0)","(0, 0)","(0, 0)","(0, 0)","(0, 0)","(0, 0)",2
841,"(176, 259)","(260, 144)","(294, 420)","(0, 0)","(0, 0)","(0, 0)","(0, 0)","(0, 0)","(0, 0)",2
842,"(176, 259)","(259, 148)","(294, 421)","(0, 0)","(0, 0)","(0, 0)","(0, 0)","(0, 0)","(0, 0)",2
843,"(176, 259)","(264, 144)","(293, 423)","(0, 0)","(0, 0)","(0, 0)","(0, 0)","(0, 0)","(0, 0)",2
844,"(176, 259)","(263, 148)","(294, 422)","(0, 0)","(0, 0)","(0, 0)","(0, 0)","(0, 0)","(0, 0)",2
845,"(176, 259)","(267, 147)","(293, 424)","(0, 0)","(0, 0)","(0, 0)","(0, 0)","(0, 0)","(0, 0)",2
846,"(175, 259)","(268, 147)","(292, 425)","(0, 0)","(0, 0)","(0, 0)","(0, 0)","(0, 0)","(0, 0)",2
847,"(175, 258)","(270, 145)","(292, 424)","(0, 0)","(0, 0)","(0, 0)","(0, 0)","(0, 0)","(0, 0)",2
848,"(177, 255)","(273, 144)","(292, 424)","(0, 0)","(0, 0)","(0, 0)","(0, 0)","(0, 0)","(0, 0)",2
849,"(176, 255)","(271, 147)","(292, 424)","(0, 0)","(0, 0)","(0, 0)","(0, 0)","(0, 0)","(0, 0)",2
850,"(178, 252)","(271, 147)","(229, 461)","(292, 424)","(0, 0)","(0, 0)","(0, 0)","(0, 0)","(0, 0)",2
851,"(177, 253)","(272, 146)","(292, 423)","(0, 0)","(0, 0)","(0, 0)","(0, 0)","(0, 0)","(0, 0)",2
852,"(176, 253)","(277, 144)","(292, 423)","(0, 0)","(0, 0)","(0, 0)","(0, 0)","(0, 0)","(0, 0)",2
853,"(178, 250)","(277, 144)","(292, 423)","(0, 0)","(0, 0)","(0, 0)","(0, 0)","(0, 0)","(0, 0)",2
854,"(177, 251)","(277, 144)","(292, 422)","(0, 0)","(0, 0)","(0, 0)","(0, 0)","(0, 0)","(0, 0)",2
855,"(177, 250)","(279, 141)","(292, 421)","(0, 0)","(0, 0)","(0, 0)","(0, 0)","(0, 0)","(0, 0)",2
856,"(177, 249)","(279, 141)","(231, 465)","(292, 421)","(0, 0)","(0, 0)","(0, 0)","(0, 0)","(0, 0)",2
857,"(176, 251)","(280, 140)","(291, 423)","(0, 0)","(0, 0)","(0, 0)","(0, 0)","(0, 0)","(0, 0)",2
858,"(177, 249)","(277, 144)","(292, 421)","(0, 0)","(0, 0)","(0, 0)","(0, 0)","(0, 0)","(0, 0)",2
859,"(180, 245)","(277, 144)","(292, 421)","(0, 0)","(0, 0)","(0, 0)","(0, 0)","(0, 0)","(0, 0)",2
860,"(181, 244)","(279, 141)","(292, 421)","(0, 0)","(0, 0)","(0, 0)","(0, 0)","(0, 0)","(0, 0)",2
861,"(179, 246)","(279, 141)","(292, 421)","(0, 0)","(0, 0)","(0, 0)","(0, 0)","(0, 0)","(0, 0)",2
862,"(178, 246)","(278, 142)","(291, 422)","(0, 0)","(0, 0)","(0, 0)","(0, 0)","(0, 0)","(0, 0)",2
863,"(179, 244)","(279, 141)","(291, 421)","(0, 0)","(0, 0)","(0, 0)","(0, 0)","(0, 0)","(0, 0)",2
864,"(179, 243)","(279, 141)","(230, 463)","(290, 422)","(0, 0)","(0, 0)","(0, 0)","(0, 0)","(0, 0)",2
865,"(179, 242)","(279, 141)","(229, 462)","(290, 421)","(0, 0)","(0, 0)","(0, 0)","(0, 0)","(0, 0)",2
866,"(180, 240)","(283, 138)","(229, 462)","(287, 424)","(0, 0)","(0, 0)","(0, 0)","(0, 0)","(0, 0)",2
867,"(182, 237)","(283, 138)","(288, 423)","(0, 0)","(0, 0)","(0, 0)","(0, 0)","(0, 0)","(0, 0)",2
868,"(182, 235)","(280, 140)","(288, 422)","(0, 0)","(0, 0)","(0, 0)","(0, 0)","(0, 0)","(0, 0)",2
869,"(186, 230)","(286, 137)","(288, 421)","(0, 0)","(0, 0)","(0, 0)","(0, 0)","(0, 0)","(0, 0)",2
870,"(184, 230)","(286, 137)","(289, 420)","(0, 0)","(0, 0)","(0, 0)","(0, 0)","(0, 0)","(0, 0)",2
871,"(187, 227)","(287, 136)","(290, 419)","(0, 0)","(0, 0)","(0, 0)","(0, 0)","(0, 0)","(0, 0)",2
872,"(186, 227)","(287, 136)","(288, 420)","(0, 0)","(0, 0)","(0, 0)","(0, 0)","(0, 0)","(0, 0)",2
873,"(188, 225)","(287, 136)","(289, 420)","(0, 0)","(0, 0)","(0, 0)","(0, 0)","(0, 0)","(0, 0)",2
874,"(188, 224)","(287, 136)","(289, 419)","(0, 0)","(0, 0)","(0, 0)","(0, 0)","(0, 0)","(0, 0)",2
875,"(190, 221)","(294, 134)","(289, 418)","(0, 0)","(0, 0)","(0, 0)","(0, 0)","(0, 0)","(0, 0)",2
876,"(190, 220)","(294, 134)","(290, 417)","(0, 0)","(0, 0)","(0, 0)","(0, 0)","(0, 0)","(0, 0)",2
877,"(191, 219)","(293, 135)","(290, 417)","(0, 0)","(0, 0)","(0, 0)","(0, 0)","(0, 0)","(0, 0)",2
878,"(190, 219)","(296, 133)","(291, 416)","(0, 0)","(0, 0)","(0, 0)","(0, 0)","(0, 0)","(0, 0)",2
879,"(192, 216)","(301, 133)","(291, 416)","(0, 0)","(0, 0)","(0, 0)","(0, 0)","(0, 0)","(0, 0)",2
880,"(194, 214)","(301, 133)","(291, 416)","(0, 0)","(0, 0)","(0, 0)","(0, 0)","(0, 0)","(0, 0)",2
881,"(194, 214)","(302, 134)","(291, 416)","(0, 0)","(0, 0)","(0, 0)","(0, 0)","(0, 0)","(0, 0)",2
882,"(192, 215)","(307, 133)","(292, 416)","(0, 0)","(0, 0)","(0, 0)","(0, 0)","(0, 0)","(0, 0)",2
883,"(195, 212)","(306, 136)","(290, 418)","(0, 0)","(0, 0)","(0, 0)","(0, 0)","(0, 0)","(0, 0)",2
884,"(195, 212)","(310, 135)","(291, 418)","(0, 0)","(0, 0)","(0, 0)","(0, 0)","(0, 0)","(0, 0)",2
885,"(194, 213)","(313, 135)","(290, 419)","(0, 0)","(0, 0)","(0, 0)","(0, 0)","(0, 0)","(0, 0)",2
886,"(194, 213)","(313, 137)","(290, 420)","(0, 0)","(0, 0)","(0, 0)","(0, 0)","(0, 0)","(0, 0)",2
887,"(194, 213)","(313, 139)","(289, 421)","(0, 0)","(0, 0)","(0, 0)","(0, 0)","(0, 0)","(0, 0)",2
888,"(195, 212)","(315, 140)","(289, 422)","(0, 0)","(0, 0)","(0, 0)","(0, 0)","(0, 0)","(0, 0)",2
889,"(196, 211)","(320, 140)","(289, 423)","(0, 0)","(0, 0)","(0, 0)","(0, 0)","(0, 0)","(0, 0)",2
890,"(198, 209)","(319, 145)","(229, 461)","(288, 424)","(0, 0)","(0, 0)","(0, 0)","(0, 0)","(0, 0)",2
891,"(199, 207)","(320, 145)","(288, 424)","(0, 0)","(0, 0)","(0, 0)","(0, 0)","(0, 0)","(0, 0)",2
892,"(202, 204)","(324, 144)","(289, 423)","(0, 0)","(0, 0)","(0, 0)","(0, 0)","(0, 0)","(0, 0)",2
893,"(204, 202)","(324, 144)","(289, 422)","(0, 0)","(0, 0)","(0, 0)","(0, 0)","(0, 0)","(0, 0)",2
894,"(206, 199)","(328, 143)","(290, 421)","(0, 0)","(0, 0)","(0, 0)","(0, 0)","(0, 0)","(0, 0)",2
895,"(210, 196)","(329, 143)","(291, 419)","(0, 0)","(0, 0)","(0, 0)","(0, 0)","(0, 0)","(0, 0)",2
896,"(211, 193)","(334, 142)","(291, 418)","(0, 0)","(0, 0)","(0, 0)","(0, 0)","(0, 0)","(0, 0)",2
897,"(215, 189)","(335, 142)","(292, 416)","(0, 0)","(0, 0)","(0, 0)","(0, 0)","(0, 0)","(0, 0)",2
898,"(216, 186)","(335, 142)","(293, 414)","(0, 0)","(0, 0)","(0, 0)","(0, 0)","(0, 0)","(0, 0)",2
899,"(218, 183)","(338, 141)","(293, 413)","(0, 0)","(0, 0)","(0, 0)","(0, 0)","(0, 0)","(0, 0)",2
900,"(218, 181)","(339, 141)","(293, 412)","(0, 0)","(0, 0)","(0, 0)","(0, 0)","(0, 0)","(0, 0)",2
901,"(219, 179)","(341, 140)","(292, 411)","(0, 0)","(0, 0)","(0, 0)","(0, 0)","(0, 0)","(0, 0)",2
902,"(219, 178)","(342, 140)","(292, 411)","(0, 0)","(0, 0)","(0, 0)","(0, 0)","(0, 0)","(0, 0)",2
903,"(221, 177)","(342, 140)","(292, 411)","(0, 0)","(0, 0)","(0, 0)","(0, 0)","(0, 0)","(0, 0)",2
904,"(221, 177)","(341, 141)","(292, 411)","(0, 0)","(0, 0)","(0, 0)","(0, 0)","(0, 0)","(0, 0)",2
905,"(219, 178)","(344, 143)","(292, 412)","(0, 0)","(0, 0)","(0, 0)","(0, 0)","(0, 0)","(0, 0)",2
906,"(221, 177)","(345, 144)","(290, 413)","(0, 0)","(0, 0)","(0, 0)","(0, 0)","(0, 0)","(0, 0)",2
907,"(221, 177)","(343, 146)","(289, 414)","(0, 0)","(0, 0)","(0, 0)","(0, 0)","(0, 0)","(0, 0)",2
908,"(220, 177)","(347, 146)","(290, 414)","(0, 0)","(0, 0)","(0, 0)","(0, 0)","(0, 0)","(0, 0)",2
909,"(221, 177)","(344, 147)","(290, 414)","(0, 0)","(0, 0)","(0, 0)","(0, 0)","(0, 0)","(0, 0)",2
910,"(220, 177)","(345, 147)","(290, 414)","(0, 0)","(0, 0)","(0, 0)","(0, 0)","(0, 0)","(0, 0)",2
911,"(220, 177)","(344, 147)","(290, 414)","(0, 0)","(0, 0)","(0, 0)","(0, 0)","(0, 0)","(0, 0)",2
912,"(221, 177)","(344, 147)","(288, 415)","(0, 0)","(0, 0)","(0, 0)","(0, 0)","(0, 0)","(0, 0)",2
913,"(219, 178)","(346, 146)","(290, 414)","(347, 147)","(0, 0)","(0, 0)","(0, 0)","(0, 0)","(0, 0)",2
914,"(220, 178)","(345, 146)","(290, 414)","(0, 0)","(0, 0)","(0, 0)","(0, 0)","(0, 0)","(0, 0)",2
915,"(218, 179)","(342, 147)","(289, 415)","(0, 0)","(0, 0)","(0, 0)","(0, 0)","(0, 0)","(0, 0)",2
916,"(218, 179)","(343, 147)","(290, 415)","(0, 0)","(0, 0)","(0, 0)","(0, 0)","(0, 0)","(0, 0)",2
917,"(221, 178)","(343, 147)","(289, 415)","(0, 0)","(0, 0)","(0, 0)","(0, 0)","(0, 0)","(0, 0)",2
918,"(220, 178)","(343, 147)","(289, 415)","(0, 0)","(0, 0)","(0, 0)","(0, 0)","(0, 0)","(0, 0)",2
919,"(218, 179)","(343, 147)","(289, 415)","(0, 0)","(0, 0)","(0, 0)","(0, 0)","(0, 0)","(0, 0)",2
920,"(221, 178)","(345, 146)","(289, 415)","(0, 0)","(0, 0)","(0, 0)","(0, 0)","(0, 0)","(0, 0)",2
921,"(221, 178)","(344, 146)","(289, 415)","(0, 0)","(0, 0)","(0, 0)","(0, 0)","(0, 0)","(0, 0)",2
922,"(221, 178)","(345, 146)","(289, 415)","(0, 0)","(0, 0)","(0, 0)","(0, 0)","(0, 0)","(0, 0)",2
923,"(218, 179)","(345, 146)","(289, 415)","(0, 0)","(0, 0)","(0, 0)","(0, 0)","(0, 0)","(0, 0)",2
924,"(218, 179)","(344, 146)","(289, 415)","(0, 0)","(0, 0)","(0, 0)","(0, 0)","(0, 0)","(0, 0)",2
925,"(221, 178)","(344, 146)","(289, 415)","(0, 0)","(0, 0)","(0, 0)","(0, 0)","(0, 0)","(0, 0)",2
926,"(220, 178)","(344, 146)","(289, 415)","(0, 0)","(0, 0)","(0, 0)","(0, 0)","(0, 0)","(0, 0)",2
927,"(220, 178)","(344, 146)","(289, 415)","(0, 0)","(0, 0)","(0, 0)","(0, 0)","(0, 0)","(0, 0)",2
928,"(219, 178)","(344, 146)","(289, 415)","(0, 0)","(0, 0)","(0, 0)","(0, 0)","(0, 0)","(0, 0)",2
929,"(220, 178)","(344, 146)","(289, 415)","(0, 0)","(0, 0)","(0, 0)","(0, 0)","(0, 0)","(0, 0)",2
930,"(220, 178)","(344, 146)","(289, 415)","(0, 0)","(0, 0)","(0, 0)","(0, 0)","(0, 0)","(0, 0)",2
931,"(220, 178)","(344, 146)","(290, 415)","(0, 0)","(0, 0)","(0, 0)","(0, 0)","(0, 0)","(0, 0)",2
932,"(220, 178)","(344, 146)","(289, 415)","(0, 0)","(0, 0)","(0, 0)","(0, 0)","(0, 0)","(0, 0)",2
933,"(220, 178)","(343, 146)","(289, 415)","(0, 0)","(0, 0)","(0, 0)","(0, 0)","(0, 0)","(0, 0)",2
934,"(220, 178)","(343, 146)","(289, 415)","(0, 0)","(0, 0)","(0, 0)","(0, 0)","(0, 0)","(0, 0)",2
935,"(220, 178)","(343, 146)","(289, 415)","(0, 0)","(0, 0)","(0, 0)","(0, 0)","(0, 0)","(0, 0)",2
936,"(220, 178)","(343, 146)","(290, 415)","(0, 0)","(0, 0)","(0, 0)","(0, 0)","(0, 0)","(0, 0)",2
937,"(221, 178)","(343, 146)","(290, 415)","(0, 0)","(0, 0)","(0, 0)","(0, 0)","(0, 0)","(0, 0)",2
938,"(220, 178)","(343, 146)","(290, 415)","(0, 0)","(0, 0)","(0, 0)","(0, 0)","(0, 0)","(0, 0)",2
939,"(220, 178)","(343, 146)","(290, 415)","(0, 0)","(0, 0)","(0, 0)","(0, 0)","(0, 0)","(0, 0)",2
940,"(218, 179)","(343, 146)","(290, 415)","(0, 0)","(0, 0)","(0, 0)","(0, 0)","(0, 0)","(0, 0)",2
941,"(221, 178)","(342, 146)","(290, 415)","(0, 0)","(0, 0)","(0, 0)","(0, 0)","(0, 0)","(0, 0)",2
942,"(218, 179)","(342, 146)","(290, 415)","(0, 0)","(0, 0)","(0, 0)","(0, 0)","(0, 0)","(0, 0)",2
943,"(218, 179)","(342, 146)","(290, 415)","(0, 0)","(0, 0)","(0, 0)","(0, 0)","(0, 0)","(0, 0)",2
944,"(221, 178)","(345, 145)","(290, 415)","(0, 0)","(0, 0)","(0, 0)","(0, 0)","(0, 0)","(0, 0)",2
945,"(220, 178)","(345, 145)","(291, 414)","(0, 0)","(0, 0)","(0, 0)","(0, 0)","(0, 0)","(0, 0)",2
946,"(221, 178)","(344, 145)","(291, 414)","(0, 0)","(0, 0)","(0, 0)","(0, 0)","(0, 0)","(0, 0)",2
947,"(221, 178)","(344, 145)","(290, 415)","(0, 0)","(0, 0)","(0, 0)","(0, 0)","(0, 0)","(0, 0)",2
948,"(220, 178)","(344, 145)","(290, 415)","(0, 0)","(0, 0)","(0, 0)","(0, 0)","(0, 0)","(0, 0)",2
949,"(220, 178)","(344, 145)","(291, 414)","(0, 0)","(0, 0)","(0, 0)","(0, 0)","(0, 0)","(0, 0)",2
950,"(221, 178)","(343, 145)","(291, 414)","(0, 0)","(0, 0)","(0, 0)","(0, 0)","(0, 0)","(0, 0)",2
951,"(221, 178)","(343, 145)","(290, 415)","(0, 0)","(0, 0)","(0, 0)","(0, 0)","(0, 0)","(0, 0)",2
952,"(218, 179)","(343, 145)","(231, 462)","(291, 414)","(0, 0)","(0, 0)","(0, 0)","(0, 0)","(0, 0)",2
953,"(222, 178)","(343, 145)","(291, 414)","(0, 0)","(0, 0)","(0, 0)","(0, 0)","(0, 0)","(0, 0)",2
954,"(221, 178)","(343, 145)","(291, 414)","(0, 0)","(0, 0)","(0, 0)","(0, 0)","(0, 0)","(0, 0)",2
955,"(221, 178)","(343, 145)","(291, 414)","(0, 0)","(0, 0)","(0, 0)","(0, 0)","(0, 0)","(0, 0)",2
956,"(221, 178)","(343, 145)","(291, 414)","(0, 0)","(0, 0)","(0, 0)","(0, 0)","(0, 0)","(0, 0)",2
957,"(221, 178)","(342, 145)","(291, 414)","(0, 0)","(0, 0)","(0, 0)","(0, 0)","(0, 0)","(0, 0)",2
958,"(221, 178)","(342, 145)","(291, 414)","(0, 0)","(0, 0)","(0, 0)","(0, 0)","(0, 0)","(0, 0)",2
959,"(221, 178)","(342, 145)","(291, 414)","(0, 0)","(0, 0)","(0, 0)","(0, 0)","(0, 0)","(0, 0)",2
960,"(221, 178)","(345, 144)","(291, 414)","(0, 0)","(0, 0)","(0, 0)","(0, 0)","(0, 0)","(0, 0)",2
961,"(221, 178)","(342, 145)","(291, 414)","(0, 0)","(0, 0)","(0, 0)","(0, 0)","(0, 0)","(0, 0)",2
962,"(219, 179)","(342, 145)","(291, 414)","(0, 0)","(0, 0)","(0, 0)","(0, 0)","(0, 0)","(0, 0)",2
963,"(219, 179)","(342, 145)","(291, 414)","(0, 0)","(0, 0)","(0, 0)","(0, 0)","(0, 0)","(0, 0)",2
964,"(221, 178)","(343, 145)","(291, 414)","(0, 0)","(0, 0)","(0, 0)","(0, 0)","(0, 0)","(0, 0)",2
965,"(219, 179)","(342, 145)","(291, 414)","(0, 0)","(0, 0)","(0, 0)","(0, 0)","(0, 0)","(0, 0)",2
966,"(219, 179)","(345, 144)","(290, 414)","(0, 0)","(0, 0)","(0, 0)","(0, 0)","(0, 0)","(0, 0)",2
967,"(219, 179)","(345, 144)","(291, 414)","(0, 0)","(0, 0)","(0, 0)","(0, 0)","(0, 0)","(0, 0)",2
968,"(219, 179)","(344, 144)","(291, 414)","(0, 0)","(0, 0)","(0, 0)","(0, 0)","(0, 0)","(0, 0)",2
969,"(219, 179)","(344, 144)","(291, 414)","(0, 0)","(0, 0)","(0, 0)","(0, 0)","(0, 0)","(0, 0)",2
970,"(219, 179)","(345, 144)","(291, 414)","(0, 0)","(0, 0)","(0, 0)","(0, 0)","(0, 0)","(0, 0)",2
971,"(219, 179)","(345, 144)","(291, 414)","(0, 0)","(0, 0)","(0, 0)","(0, 0)","(0, 0)","(0, 0)",2
972,"(219, 179)","(345, 144)","(291, 414)","(0, 0)","(0, 0)","(0, 0)","(0, 0)","(0, 0)","(0, 0)",2
973,"(219, 179)","(345, 144)","(291, 414)","(0, 0)","(0, 0)","(0, 0)","(0, 0)","(0, 0)","(0, 0)",2
974,"(219, 179)","(345, 144)","(231, 460)","(290, 414)","(0, 0)","(0, 0)","(0, 0)","(0, 0)","(0, 0)",2
